-1,-1,-1,-1,-1,-1
-1,-1,-1,-1,-1,-1
-1,-1,-1,-1,-1,-1
-1,-1,-1,-1,-1,-1
-1,-1,-1,-1,-1,-1
-1,-1,-1,-1,-1,-1
-1,-1,-1,-1,-1,-1
-1,-1,-1,-1,-1,-1
-1,-1,-1,-1,-1,-1
-1,-1,-1,-1,-1,-1
-1,-1,-1,-1,-1,-1
-1,-1,-1,-1,-1,-1
-1,-1,-1,-1,-1,-1
-1,-1,-1,-1,-1,-1
-1,-1,-1,-1,-1,-1
-1,-1,-1,-1,-1,-1
-1,-1,-1,-1,-1,-1
-1,-1,-1,-1,-1,-1
-1,-1,-1,-1,-1,-1
-1,-1,-1,-1,-1,-1
-1,-1,-1,-1,-1,-1
-1,-1,-1,-1,-1,-1
-1,-1,-1,-1,-1,-1
-1,-1,-1,-1,-1,-1
-1,-1,-1,-1,-1,-1
-1,-1,-1,-1,-1,-1
-1,-1,-1,-1,-1,-1
-1,-1,-1,-1,-1,-1
-1,-1,-1,-1,-1,-1
-1,-1,-1,-1,-1,-1
-1,-1,-1,-1,-1,-1
-1,-1,-1,-1,-1,-1
-1,-1,-1,-1,-1,-1
-1,-1,-1,-1,-1,-1
-1,-1,-1,-1,-1,-1
-1,-1,-1,-1,-1,-1
-1,-1,-1,-1,-1,-1
-1,-1,-1,-1,-1,-1
-1,-1,-1,-1,-1,-1
-1,-1,-1,-1,-1,-1
-1,-1,-1,-1,-1,-1
-1,-1,-1,-1,-1,-1
-1,-1,-1,-1,-1,-1
-1,-1,-1,-1,-1,-1
-1,-1,-1,-1,-1,-1
-1,-1,-1,-1,-1,-1
-1,-1,-1,-1,-1,-1
-1,-1,-1,-1,-1,-1
-1,-1,-1,-1,-1,-1
-1,-1,-1,-1,-1,-1
-1,-1,-1,-1,-1,-1
-1,-1,-1,-1,-1,-1
-1,-1,-1,-1,-1,-1
-1,-1,-1,-1,-1,-1
-1,-1,-1,-1,-1,-1
-1,-1,-1,-1,-1,-1
-1,-1,-1,-1,-1,-1
-1,-1,-1,-1,-1,-1
-1,-1,-1,-1,-1,-1
-1,-1,-1,-1,-1,-1
-1,-1,-1,-1,-1,-1
-1,-1,-1,-1,-1,-1
-1,-1,-1,-1,-1,-1
-1,-1,-1,-1,-1,-1
-1,-1,-1,-1,-1,-1
-1,-1,-1,-1,-1,-1
-1,-1,-1,-1,-1,-1
-1,-1,-1,-1,-1,-1
-1,-1,-1,-1,-1,-1
-1,-1,-1,-1,-1,-1
-1,-1,-1,-1,-1,-1
-1,-1,-1,-1,-1,-1
-1,-1,-1,-1,-1,-1
-1,-1,-1,-1,-1,-1
-1,-1,-1,-1,-1,-1
-1,-1,-1,-1,-1,-1
-1,-1,-1,-1,-1,-1
-1,-1,-1,-1,-1,-1
-1,-1,-1,-1,-1,-1
-1,-1,-1,-1,-1,-1
-1,-1,-1,-1,-1,-1
-1,-1,-1,-1,-1,-1
-1,-1,-1,-1,-1,-1
-1,-1,-1,-1,-1,-1
-1,-1,-1,-1,-1,-1
-1,-1,-1,-1,-1,-1
-1,-1,-1,-1,-1,-1
-1,-1,-1,-1,-1,-1
-1,-1,-1,-1,-1,-1
-1,-1,-1,-1,-1,-1
-1,-1,-1,-1,-1,-1
-1,-1,-1,-1,-1,-1
-1,-1,-1,-1,-1,-1
-1,-1,-1,-1,-1,-1
-1,-1,-1,-1,-1,-1
-1,-1,-1,-1,-1,-1
-1,-1,-1,-1,-1,-1
-1,-1,-1,-1,-1,-1
-1,-1,-1,-1,-1,-1
-1,-1,-1,-1,-1,-1
-1,-1,-1,-1,-1,-1
-1,-1,-1,-1,-1,-1
-1,-1,-1,-1,-1,-1
-1,-1,-1,-1,-1,-1
-1,-1,-1,-1,-1,-1
-1,-1,-1,-1,-1,-1
-1,-1,-1,-1,-1,-1
-1,-1,-1,-1,-1,-1
-1,-1,-1,-1,-1,-1
-1,-1,-1,-1,-1,-1
-1,-1,-1,-1,-1,-1
-1,-1,-1,-1,-1,-1
-1,-1,-1,-1,-1,-1
-1,-1,-1,-1,-1,-1
-1,-1,-1,-1,-1,-1
-1,-1,-1,-1,-1,-1
-1,-1,-1,-1,-1,-1
-1,-1,-1,-1,-1,-1
-1,-1,-1,-1,-1,-1
-1,-1,-1,-1,-1,-1
-1,-1,-1,-1,-1,-1
-1,-1,-1,-1,-1,-1
-1,-1,-1,-1,-1,-1
-1,-1,-1,-1,-1,-1
-1,-1,-1,-1,-1,-1
-1,-1,-1,-1,-1,-1
-1,-1,-1,-1,-1,-1
-1,-1,-1,-1,-1,-1
-1,-1,-1,-1,-1,-1
-1,-1,-1,-1,-1,-1
-1,-1,-1,-1,-1,-1
-1,-1,-1,-1,-1,-1
-1,-1,-1,-1,-1,-1
-1,-1,-1,-1,-1,-1
-1,-1,-1,-1,-1,-1
-1,-1,-1,-1,-1,-1
-1,-1,-1,-1,-1,-1
-1,-1,-1,-1,-1,-1
-1,-1,-1,-1,-1,-1
-1,-1,-1,-1,-1,-1
-1,-1,-1,-1,-1,-1
-1,-1,-1,-1,-1,-1
-1,-1,-1,-1,-1,-1
-1,-1,-1,-1,-1,-1
-1,-1,-1,-1,-1,-1
-1,-1,-1,-1,-1,-1
-1,-1,-1,-1,-1,-1
-1,-1,-1,-1,-1,-1
-1,-1,-1,-1,-1,-1
-1,-1,-1,-1,-1,-1
-1,-1,-1,-1,-1,-1
-1,-1,-1,-1,-1,-1
-1,-1,-1,-1,-1,-1
-1,-1,-1,-1,-1,-1
-1,-1,-1,-1,-1,-1
-1,-1,-1,-1,-1,-1
-1,-1,-1,-1,-1,-1
-1,-1,-1,-1,-1,-1
-1,-1,-1,-1,-1,-1
-1,-1,-1,-1,-1,-1
-1,-1,-1,-1,-1,-1
-1,-1,-1,-1,-1,-1
-1,-1,-1,-1,-1,-1
-1,-1,-1,-1,-1,-1
-1,-1,-1,-1,-1,-1
-1,-1,-1,-1,-1,-1
-1,-1,-1,-1,-1,-1
-1,-1,-1,-1,-1,-1
-1,-1,-1,-1,-1,-1
-1,-1,-1,-1,-1,-1
-1,-1,-1,-1,-1,-1
-1,-1,-1,-1,-1,-1
-1,-1,-1,-1,-1,-1
-1,-1,-1,-1,-1,-1
-1,-1,-1,-1,-1,-1
-1,-1,-1,-1,-1,-1
-1,-1,-1,-1,-1,-1
-1,-1,-1,-1,-1,-1
-1,-1,-1,-1,-1,-1
-1,-1,-1,-1,-1,-1
-1,-1,-1,-1,-1,-1
-1,-1,-1,-1,-1,-1
-1,-1,-1,-1,-1,-1
-1,-1,-1,-1,-1,-1
-1,-1,-1,-1,-1,-1
-1,-1,-1,-1,-1,-1
-1,-1,-1,-1,-1,-1
-1,-1,-1,-1,-1,-1
-1,-1,-1,-1,-1,-1
-1,-1,-1,-1,-1,-1
-1,-1,-1,-1,-1,-1
-1,-1,-1,-1,-1,-1
-1,-1,-1,-1,-1,-1
-1,-1,-1,-1,-1,-1
-1,-1,-1,-1,-1,-1
-1,-1,-1,-1,-1,-1
-1,-1,-1,-1,-1,-1
-1,-1,-1,-1,-1,-1
-1,-1,-1,-1,-1,-1
-1,-1,-1,-1,-1,-1
-1,-1,-1,-1,-1,-1
-1,-1,-1,-1,-1,-1
-1,-1,-1,-1,-1,-1
-1,-1,-1,-1,-1,-1
-1,-1,-1,-1,-1,-1
-1,-1,-1,-1,-1,-1
-1,-1,-1,-1,-1,-1
-1,-1,-1,-1,-1,-1
-1,-1,-1,-1,-1,-1
-1,-1,-1,-1,-1,-1
-1,-1,-1,-1,-1,-1
-1,-1,-1,-1,-1,-1
-1,-1,-1,-1,-1,-1
-1,-1,-1,-1,-1,-1
-1,-1,-1,-1,-1,-1
-1,-1,-1,-1,-1,-1
-1,-1,-1,-1,-1,-1
-1,-1,-1,-1,-1,-1
-1,-1,-1,-1,-1,-1
-1,-1,-1,-1,-1,-1
-1,-1,-1,-1,-1,-1
-1,-1,-1,-1,-1,-1
-1,-1,-1,-1,-1,-1
-1,-1,-1,-1,-1,-1
-1,-1,-1,-1,-1,-1
-1,-1,-1,-1,-1,-1
-1,-1,-1,-1,-1,-1
-1,-1,-1,-1,-1,-1
-1,-1,-1,-1,-1,-1
-1,-1,-1,-1,-1,-1
-1,-1,-1,-1,-1,-1
-1,-1,-1,-1,-1,-1
-1,-1,-1,-1,-1,-1
-1,-1,-1,-1,-1,-1
-1,-1,-1,-1,-1,-1
-1,-1,-1,-1,-1,-1
-1,-1,-1,-1,-1,-1
-1,-1,-1,-1,-1,-1
-1,-1,-1,-1,-1,-1
-1,-1,-1,-1,-1,-1
-1,-1,-1,-1,-1,-1
-1,-1,-1,-1,-1,-1
-1,-1,-1,-1,-1,-1
-1,-1,-1,-1,-1,-1
-1,-1,-1,-1,-1,-1
-1,-1,-1,-1,-1,-1
-1,-1,-1,-1,-1,-1
-1,-1,-1,-1,-1,-1
-1,-1,-1,-1,-1,-1
-1,-1,-1,-1,-1,-1
-1,-1,-1,-1,-1,-1
-1,-1,-1,-1,-1,-1
-1,-1,-1,-1,-1,-1
-1,-1,-1,-1,-1,-1
-1,-1,-1,-1,-1,-1
-1,-1,-1,-1,-1,-1
-1,-1,-1,-1,-1,-1
-1,-1,-1,-1,-1,-1
-1,-1,-1,-1,-1,-1
-1,-1,-1,-1,-1,-1
-1,-1,-1,-1,-1,-1
-1,-1,-1,-1,-1,-1
-1,-1,-1,-1,-1,-1
-1,-1,-1,-1,-1,-1
-1,-1,-1,-1,-1,-1
-1,-1,-1,-1,-1,-1
-1,-1,-1,-1,-1,-1
-1,-1,-1,-1,-1,-1
-1,-1,-1,-1,-1,-1
-1,-1,-1,-1,-1,-1
-1,-1,-1,-1,-1,-1
-1,-1,-1,-1,-1,-1
-1,-1,-1,-1,-1,-1
-1,-1,-1,-1,-1,-1
-1,-1,-1,-1,-1,-1
-1,-1,-1,-1,-1,-1
-1,-1,-1,-1,-1,-1
-1,-1,-1,-1,-1,-1
-1,-1,-1,-1,-1,-1
-1,-1,-1,-1,-1,-1
-1,-1,-1,-1,-1,-1
-1,-1,-1,-1,-1,-1
-1,-1,-1,-1,-1,-1
-1,-1,-1,-1,-1,-1
-1,-1,-1,-1,-1,-1
-1,-1,-1,-1,-1,-1
-1,-1,-1,-1,-1,-1
-1,-1,-1,-1,-1,-1
-1,-1,-1,-1,-1,-1
-1,-1,-1,-1,-1,-1
-1,-1,-1,-1,-1,-1
-1,-1,-1,-1,-1,-1
-1,-1,-1,-1,-1,-1
-1,-1,-1,-1,-1,-1
-1,-1,-1,-1,-1,-1
-1,-1,-1,-1,-1,-1
-1,-1,-1,-1,-1,-1
-1,-1,-1,-1,-1,-1
-1,-1,-1,-1,-1,-1
-1,-1,-1,-1,-1,-1
-1,-1,-1,-1,-1,-1
-1,-1,-1,-1,-1,-1
-1,-1,-1,-1,-1,-1
-1,-1,-1,-1,-1,-1
-1,-1,-1,-1,-1,-1
-1,-1,-1,-1,-1,-1
-1,-1,-1,-1,-1,-1
-1,-1,-1,-1,-1,-1
-1,-1,-1,-1,-1,-1
-1,-1,-1,-1,-1,-1
-1,-1,-1,-1,-1,-1
-1,-1,-1,-1,-1,-1
-1,-1,-1,-1,-1,-1
-1,-1,-1,-1,-1,-1
-1,-1,-1,-1,-1,-1
-1,-1,-1,-1,-1,-1
-1,-1,-1,-1,-1,-1
-1,-1,-1,-1,-1,-1
-1,-1,-1,-1,-1,-1
-1,-1,-1,-1,-1,-1
-1,-1,-1,-1,-1,-1
-1,-1,-1,-1,-1,-1
-1,-1,-1,-1,-1,-1
-1,-1,-1,-1,-1,-1
-1,-1,-1,-1,-1,-1
-1,-1,-1,-1,-1,-1
-1,-1,-1,-1,-1,-1
-1,-1,-1,-1,-1,-1
-1,-1,-1,-1,-1,-1
-1,-1,-1,-1,-1,-1
-1,-1,-1,-1,-1,-1
-1,-1,-1,-1,-1,-1
-1,-1,-1,-1,-1,-1
-1,-1,-1,-1,-1,-1
-1,-1,-1,-1,-1,-1
-1,-1,-1,-1,-1,-1
-1,-1,-1,-1,-1,-1
-1,-1,-1,-1,-1,-1
-1,-1,-1,-1,-1,-1
-1,-1,-1,-1,-1,-1
-1,-1,-1,-1,-1,-1
-1,-1,-1,-1,-1,-1
-1,-1,-1,-1,-1,-1
-1,-1,-1,-1,-1,-1
-1,-1,-1,-1,-1,-1
-1,-1,-1,-1,-1,-1
-1,-1,-1,-1,-1,-1
-1,-1,-1,-1,-1,-1
-1,-1,-1,-1,-1,-1
-1,-1,-1,-1,-1,-1
-1,-1,-1,-1,-1,-1
-1,-1,-1,-1,-1,-1
-1,-1,-1,-1,-1,-1
-1,-1,-1,-1,-1,-1
-1,-1,-1,-1,-1,-1
-1,-1,-1,-1,-1,-1
-1,-1,-1,-1,-1,-1
-1,-1,-1,-1,-1,-1
-1,-1,-1,-1,-1,-1
-1,-1,-1,-1,-1,-1
-1,-1,-1,-1,-1,-1
-1,-1,-1,-1,-1,-1
-1,-1,-1,-1,-1,-1
-1,-1,-1,-1,-1,-1
-1,-1,-1,-1,-1,-1
-1,-1,-1,-1,-1,-1
-1,-1,-1,-1,-1,-1
-1,-1,-1,-1,-1,-1
-1,-1,-1,-1,-1,-1
-1,-1,-1,-1,-1,-1
-1,-1,-1,-1,-1,-1
-1,-1,-1,-1,-1,-1
-1,-1,-1,-1,-1,-1
-1,-1,-1,-1,-1,-1
-1,-1,-1,-1,-1,-1
-1,-1,-1,-1,-1,-1
-1,-1,-1,-1,-1,-1
-1,-1,-1,-1,-1,-1
-1,-1,-1,-1,-1,-1
-1,-1,-1,-1,-1,-1
-1,-1,-1,-1,-1,-1
-1,-1,-1,-1,-1,-1
-1,-1,-1,-1,-1,-1
-1,-1,-1,-1,-1,-1
-1,-1,-1,-1,-1,-1
-1,-1,-1,-1,-1,-1
-1,-1,-1,-1,-1,-1
-1,-1,-1,-1,-1,-1
-1,-1,-1,-1,-1,-1
-1,-1,-1,-1,-1,-1
-1,-1,-1,-1,-1,-1
-1,-1,-1,-1,-1,-1
-1,-1,-1,-1,-1,-1
-1,-1,-1,-1,-1,-1
-1,-1,-1,-1,-1,-1
-1,-1,-1,-1,-1,-1
-1,-1,-1,-1,-1,-1
-1,-1,-1,-1,-1,-1
-1,-1,-1,-1,-1,-1
-1,-1,-1,-1,-1,-1
-1,-1,-1,-1,-1,-1
-1,-1,-1,-1,-1,-1
-1,-1,-1,-1,-1,-1
-1,-1,-1,-1,-1,-1
-1,-1,-1,-1,-1,-1
-1,-1,-1,-1,-1,-1
-1,-1,-1,-1,-1,-1
-1,-1,-1,-1,-1,-1
-1,-1,-1,-1,-1,-1
-1,-1,-1,-1,-1,-1
-1,-1,-1,-1,-1,-1
-1,-1,-1,-1,-1,-1
-1,-1,-1,-1,-1,-1
-1,-1,-1,-1,-1,-1
-1,-1,-1,-1,-1,-1
-1,-1,-1,-1,-1,-1
-1,-1,-1,-1,-1,-1
-1,-1,-1,-1,-1,-1
-1,-1,-1,-1,-1,-1
-1,-1,-1,-1,-1,-1
-1,-1,-1,-1,-1,-1
-1,-1,-1,-1,-1,-1
-1,-1,-1,-1,-1,-1
-1,-1,-1,-1,-1,-1
-1,-1,-1,-1,-1,-1
-1,-1,-1,-1,-1,-1
-1,-1,-1,-1,-1,-1
-1,-1,-1,-1,-1,-1
-1,-1,-1,-1,-1,-1
-1,-1,-1,-1,-1,-1
-1,-1,-1,-1,-1,-1
-1,-1,-1,-1,-1,-1
-1,-1,-1,-1,-1,-1
-1,-1,-1,-1,-1,-1
-1,-1,-1,-1,-1,-1
-1,-1,-1,-1,-1,-1
-1,-1,-1,-1,-1,-1
-1,-1,-1,-1,-1,-1
-1,-1,-1,-1,-1,-1
-1,-1,-1,-1,-1,-1
-1,-1,-1,-1,-1,-1
-1,-1,-1,-1,-1,-1
-1,-1,-1,-1,-1,-1
-1,-1,-1,-1,-1,-1
-1,-1,-1,-1,-1,-1
-1,-1,-1,-1,-1,-1
-1,-1,-1,-1,-1,-1
-1,-1,-1,-1,-1,-1
-1,-1,-1,-1,-1,-1
-1,-1,-1,-1,-1,-1
-1,-1,-1,-1,-1,-1
-1,-1,-1,-1,-1,-1
-1,-1,-1,-1,-1,-1
-1,-1,-1,-1,-1,-1
-1,-1,-1,-1,-1,-1
-1,-1,-1,-1,-1,-1
-1,-1,-1,-1,-1,-1
-1,-1,-1,-1,-1,-1
-1,-1,-1,-1,-1,-1
-1,-1,-1,-1,-1,-1
-1,-1,-1,-1,-1,-1
-1,-1,-1,-1,-1,-1
-1,-1,-1,-1,-1,-1
-1,-1,-1,-1,-1,-1
-1,-1,-1,-1,-1,-1
-1,-1,-1,-1,-1,-1
-1,-1,-1,-1,-1,-1
-1,-1,-1,-1,-1,-1
-1,-1,-1,-1,-1,-1
-1,-1,-1,-1,-1,-1
-1,-1,-1,-1,-1,-1
-1,-1,-1,-1,-1,-1
-1,-1,-1,-1,-1,-1
-1,-1,-1,-1,-1,-1
-1,-1,-1,-1,-1,-1
-1,-1,-1,-1,-1,-1
-1,-1,-1,-1,-1,-1
-1,-1,-1,-1,-1,-1
-1,-1,-1,-1,-1,-1
-1,-1,-1,-1,-1,-1
-1,-1,-1,-1,-1,-1
-1,-1,-1,-1,-1,-1
-1,-1,-1,-1,-1,-1
-1,-1,-1,-1,-1,-1
-1,-1,-1,-1,-1,-1
-1,-1,-1,-1,-1,-1
-1,-1,-1,-1,-1,-1
-1,-1,-1,-1,-1,-1
-1,-1,-1,-1,-1,-1
-1,-1,-1,-1,-1,-1
-1,-1,-1,-1,-1,-1
-1,-1,-1,-1,-1,-1
-1,-1,-1,-1,-1,-1
-1,-1,-1,-1,-1,-1
-1,-1,-1,-1,-1,-1
-1,-1,-1,-1,-1,-1
-1,-1,-1,-1,-1,-1
-1,-1,-1,-1,-1,-1
-1,-1,-1,-1,-1,-1
-1,-1,-1,-1,-1,-1
-1,-1,-1,-1,-1,-1
-1,-1,-1,-1,-1,-1
-1,-1,-1,-1,-1,-1
-1,-1,-1,-1,-1,-1
-1,-1,-1,-1,-1,-1
-1,-1,-1,-1,-1,-1
-1,-1,-1,-1,-1,-1
-1,-1,-1,-1,-1,-1
-1,-1,-1,-1,-1,-1
-1,-1,-1,-1,-1,-1
-1,-1,-1,-1,-1,-1
-1,-1,-1,-1,-1,-1
-1,-1,-1,-1,-1,-1
-1,-1,-1,-1,-1,-1
-1,-1,-1,-1,-1,-1
-1,-1,-1,-1,-1,-1
-1,-1,-1,-1,-1,-1
-1,-1,-1,-1,-1,-1
-1,-1,-1,-1,-1,-1
-1,-1,-1,-1,-1,-1
-1,-1,-1,-1,-1,-1
-1,-1,-1,-1,-1,-1
-1,-1,-1,-1,-1,-1
-1,-1,-1,-1,-1,-1
-1,-1,-1,-1,-1,-1
-1,-1,-1,-1,-1,-1
-1,-1,-1,-1,-1,-1
-1,-1,-1,-1,-1,-1
-1,-1,-1,-1,-1,-1
-1,-1,-1,-1,-1,-1
-1,-1,-1,-1,-1,-1
-1,-1,-1,-1,-1,-1
-1,-1,-1,-1,-1,-1
-1,-1,-1,-1,-1,-1
-1,-1,-1,-1,-1,-1
-1,-1,-1,-1,-1,-1
-1,-1,-1,-1,-1,-1
-1,-1,-1,-1,-1,-1
-1,-1,-1,-1,-1,-1
-1,-1,-1,-1,-1,-1
-1,-1,-1,-1,-1,-1
-1,-1,-1,-1,-1,-1
-1,-1,-1,-1,-1,-1
-1,-1,-1,-1,-1,-1
-1,-1,-1,-1,-1,-1
-1,-1,-1,-1,-1,-1
-1,-1,-1,-1,-1,-1
-1,-1,-1,-1,-1,-1
-1,-1,-1,-1,-1,-1
-1,-1,-1,-1,-1,-1
-1,-1,-1,-1,-1,-1
-1,-1,-1,-1,-1,-1
-1,-1,-1,-1,-1,-1
-1,-1,-1,-1,-1,-1
-1,-1,-1,-1,-1,-1
-1,-1,-1,-1,-1,-1
-1,-1,-1,-1,-1,-1
-1,-1,-1,-1,-1,-1
-1,-1,-1,-1,-1,-1
-1,-1,-1,-1,-1,-1
-1,-1,-1,-1,-1,-1
-1,-1,-1,-1,-1,-1
-1,-1,-1,-1,-1,-1
-1,-1,-1,-1,-1,-1
-1,-1,-1,-1,-1,-1
-1,-1,-1,-1,-1,-1
-1,-1,-1,-1,-1,-1
-1,-1,-1,-1,-1,-1
-1,-1,-1,-1,-1,-1
-1,-1,-1,-1,-1,-1
-1,-1,-1,-1,-1,-1
-1,-1,-1,-1,-1,-1
-1,-1,-1,-1,-1,-1
-1,-1,-1,-1,-1,-1
-1,-1,-1,-1,-1,-1
-1,-1,-1,-1,-1,-1
-1,-1,-1,-1,-1,-1
-1,-1,-1,-1,-1,-1
-1,-1,-1,-1,-1,-1
-1,-1,-1,-1,-1,-1
-1,-1,-1,-1,-1,-1
-1,-1,-1,-1,-1,-1
-1,-1,-1,-1,-1,-1
-1,-1,-1,-1,-1,-1
-1,-1,-1,-1,-1,-1
-1,-1,-1,-1,-1,-1
-1,-1,-1,-1,-1,-1
-1,-1,-1,-1,-1,-1
-1,-1,-1,-1,-1,-1
-1,-1,-1,-1,-1,-1
-1,-1,-1,-1,-1,-1
-1,-1,-1,-1,-1,-1
-1,-1,-1,-1,-1,-1
-1,-1,-1,-1,-1,-1
-1,-1,-1,-1,-1,-1
-1,-1,-1,-1,-1,-1
-1,-1,-1,-1,-1,-1
-1,-1,-1,-1,-1,-1
-1,-1,-1,-1,-1,-1
-1,-1,-1,-1,-1,-1
-1,-1,-1,-1,-1,-1
-1,-1,-1,-1,-1,-1
-1,-1,-1,-1,-1,-1
-1,-1,-1,-1,-1,-1
-1,-1,-1,-1,-1,-1
-1,-1,-1,-1,-1,-1
-1,-1,-1,-1,-1,-1
-1,-1,-1,-1,-1,-1
-1,-1,-1,-1,-1,-1
-1,-1,-1,-1,-1,-1
-1,-1,-1,-1,-1,-1
-1,-1,-1,-1,-1,-1
-1,-1,-1,-1,-1,-1
-1,-1,-1,-1,-1,-1
-1,-1,-1,-1,-1,-1
-1,-1,-1,-1,-1,-1
-1,-1,-1,-1,-1,-1
-1,-1,-1,-1,-1,-1
-1,-1,-1,-1,-1,-1
-1,-1,-1,-1,-1,-1
-1,-1,-1,-1,-1,-1
-1,-1,-1,-1,-1,-1
-1,-1,-1,-1,-1,-1
-1,-1,-1,-1,-1,-1
-1,-1,-1,-1,-1,-1
-1,-1,-1,-1,-1,-1
-1,-1,-1,-1,-1,-1
-1,-1,-1,-1,-1,-1
-1,-1,-1,-1,-1,-1
-1,-1,-1,-1,-1,-1
-1,-1,-1,-1,-1,-1
-1,-1,-1,-1,-1,-1
-1,-1,-1,-1,-1,-1
-1,-1,-1,-1,-1,-1
-1,-1,-1,-1,-1,-1
-1,-1,-1,-1,-1,-1
-1,-1,-1,-1,-1,-1
-1,-1,-1,-1,-1,-1
-1,-1,-1,-1,-1,-1
-1,-1,-1,-1,-1,-1
-1,-1,-1,-1,-1,-1
-1,-1,-1,-1,-1,-1
-1,-1,-1,-1,-1,-1
-1,-1,-1,-1,-1,-1
-1,-1,-1,-1,-1,-1
-1,-1,-1,-1,-1,-1
-1,-1,-1,-1,-1,-1
-1,-1,-1,-1,-1,-1
-1,-1,-1,-1,-1,-1
-1,-1,-1,-1,-1,-1
-1,-1,-1,-1,-1,-1
-1,-1,-1,-1,-1,-1
-1,-1,-1,-1,-1,-1
-1,-1,-1,-1,-1,-1
-1,-1,-1,-1,-1,-1
-1,-1,-1,-1,-1,-1
-1,-1,-1,-1,-1,-1
-1,-1,-1,-1,-1,-1
-1,-1,-1,-1,-1,-1
-1,-1,-1,-1,-1,-1
-1,-1,-1,-1,-1,-1
-1,-1,-1,-1,-1,-1
-1,-1,-1,-1,-1,-1
-1,-1,-1,-1,-1,-1
-1,-1,-1,-1,-1,-1
-1,-1,-1,-1,-1,-1
-1,-1,-1,-1,-1,-1
-1,-1,-1,-1,-1,-1
-1,-1,-1,-1,-1,-1
-1,-1,-1,-1,-1,-1
-1,-1,-1,-1,-1,-1
-1,-1,-1,-1,-1,-1
-1,-1,-1,-1,-1,-1
-1,-1,-1,-1,-1,-1
-1,-1,-1,-1,-1,-1
-1,-1,-1,-1,-1,-1
-1,-1,-1,-1,-1,-1
-1,-1,-1,-1,-1,-1
-1,-1,-1,-1,-1,-1
-1,-1,-1,-1,-1,-1
-1,-1,-1,-1,-1,-1
-1,-1,-1,-1,-1,-1
-1,-1,-1,-1,-1,-1
-1,-1,-1,-1,-1,-1
-1,-1,-1,-1,-1,-1
-1,-1,-1,-1,-1,-1
-1,-1,-1,-1,-1,-1
-1,-1,-1,-1,-1,-1
-1,-1,-1,-1,-1,-1
-1,-1,-1,-1,-1,-1
-1,-1,-1,-1,-1,-1
-1,-1,-1,-1,-1,-1
-1,-1,-1,-1,-1,-1
-1,-1,-1,-1,-1,-1
-1,-1,-1,-1,-1,-1
-1,-1,-1,-1,-1,-1
-1,-1,-1,-1,-1,-1
-1,-1,-1,-1,-1,-1
-1,-1,-1,-1,-1,-1
-1,-1,-1,-1,-1,-1
-1,-1,-1,-1,-1,-1
-1,-1,-1,-1,-1,-1
-1,-1,-1,-1,-1,-1
-1,-1,-1,-1,-1,-1
-1,-1,-1,-1,-1,-1
-1,-1,-1,-1,-1,-1
-1,-1,-1,-1,-1,-1
-1,-1,-1,-1,-1,-1
-1,-1,-1,-1,-1,-1
-1,-1,-1,-1,-1,-1
-1,-1,-1,-1,-1,-1
-1,-1,-1,-1,-1,-1
-1,-1,-1,-1,-1,-1
-1,-1,-1,-1,-1,-1
-1,-1,-1,-1,-1,-1
-1,-1,-1,-1,-1,-1
-1,-1,-1,-1,-1,-1
-1,-1,-1,-1,-1,-1
-1,-1,-1,-1,-1,-1
-1,-1,-1,-1,-1,-1
-1,-1,-1,-1,-1,-1
-1,-1,-1,-1,-1,-1
-1,-1,-1,-1,-1,-1
-1,-1,-1,-1,-1,-1
-1,-1,-1,-1,-1,-1
-1,-1,-1,-1,-1,-1
-1,-1,-1,-1,-1,-1
-1,-1,-1,-1,-1,-1
-1,-1,-1,-1,-1,-1
-1,-1,-1,-1,-1,-1
-1,-1,-1,-1,-1,-1
-1,-1,-1,-1,-1,-1
-1,-1,-1,-1,-1,-1
-1,-1,-1,-1,-1,-1
-1,-1,-1,-1,-1,-1
-1,-1,-1,-1,-1,-1
-1,-1,-1,-1,-1,-1
-1,-1,-1,-1,-1,-1
-1,-1,-1,-1,-1,-1
-1,-1,-1,-1,-1,-1
-1,-1,-1,-1,-1,-1
-1,-1,-1,-1,-1,-1
-1,-1,-1,-1,-1,-1
-1,-1,-1,-1,-1,-1
-1,-1,-1,-1,-1,-1
-1,-1,-1,-1,-1,-1
-1,-1,-1,-1,-1,-1
-1,-1,-1,-1,-1,-1
-1,-1,-1,-1,-1,-1
-1,-1,-1,-1,-1,-1
-1,-1,-1,-1,-1,-1
-1,-1,-1,-1,-1,-1
-1,-1,-1,-1,-1,-1
-1,-1,-1,-1,-1,-1
-1,-1,-1,-1,-1,-1
-1,-1,-1,-1,-1,-1
-1,-1,-1,-1,-1,-1
-1,-1,-1,-1,-1,-1
-1,-1,-1,-1,-1,-1
-1,-1,-1,-1,-1,-1
-1,-1,-1,-1,-1,-1
-1,-1,-1,-1,-1,-1
-1,-1,-1,-1,-1,-1
-1,-1,-1,-1,-1,-1
-1,-1,-1,-1,-1,-1
-1,-1,-1,-1,-1,-1
-1,-1,-1,-1,-1,-1
-1,-1,-1,-1,-1,-1
-1,-1,-1,-1,-1,-1
-1,-1,-1,-1,-1,-1
0,0,0,0,0,0
0,0,0,0,0,0
0,0,0,0,0,0
0,0,0,0,0,0
0,0,0,0,0,0
0,0,0,0,0,0
0,0,0,0,0,0
0,0,0,0,0,0
0,0,0,0,0,0
0,0,0,0,0,0
0,0,0,0,0,0
0,0,0,0,0,0
0,0,0,0,0,0
0,0,0,0,0,0
0,0,0,0,0,0
0,0,0,0,0,0
0,0,0,0,0,0
0,0,0,0,0,0
0,0,0,0,0,0
0,0,0,0,0,0
16576,16448,16448,0,0,0
0,0,0,-1,-1,-1
-1,-1,-1,-1,-1,-1
-1,-1,-1,-1,-1,-1
-1,-1,-1,-1,-1,-1
0,0,0,0,0,0
0,0,0,0,0,0
0,0,0,0,0,0
0,0,0,0,0,0
0,0,0,0,0,0
0,0,0,0,0,0
0,0,0,0,0,0
0,0,0,0,0,0
0,0,0,0,0,0
0,0,0,0,0,0
-1,-1,-1,-1,-1,-1
-1,-1,-1,-1,-1,-1
-1,-1,-1,-1,-1,-1
-1,-1,-1,-1,-1,-1
0,0,0,0,0,0
0,0,0,0,0,0
-1,-1,-1,-1,-1,-1
-1,-1,-1,-1,-1,-1
-1,-1,-1,-1,-1,-1
-1,-1,-1,-1,-1,-1
-1,-1,-1,-1,-1,-1
-1,-1,-1,-1,-1,-1
-1,-1,-1,-1,-1,-1
-1,-1,-1,-1,-1,-1
-1,-1,-1,-1,-1,-1
-1,-1,-1,-1,-1,-1
-1,-1,-1,-1,-1,-1
-1,-1,-1,-1,-1,-1
-1,-1,-1,-1,-1,-1
-1,-1,-1,-1,-1,-1
-1,-1,-1,-1,-1,-1
-1,-1,-1,-1,-1,-1
-1,-1,-1,-1,-1,-1
-1,-1,-1,-1,-1,-1
-1,-1,-1,-1,-1,-1
-1,-1,-1,-1,-1,-1
-1,-1,-1,-1,-1,-1
-1,-1,-1,-1,-1,-1
-1,-1,-1,-1,-1,-1
-1,-1,-1,-1,-1,-1
-1,-1,-1,0,0,0
0,0,0,0,0,0
-1,-1,-1,-1,-1,-1
0,0,0,0,0,0
0,0,0,0,0,0
0,0,0,0,0,0
0,0,0,0,0,0
0,0,0,0,0,0
0,0,0,0,0,0
0,0,0,0,0,0
0,0,0,0,0,0
0,0,0,0,0,0
-1,-1,-1,-1,-1,-1
-1,-1,-1,-1,-1,-1
0,0,0,0,0,0
0,0,0,0,0,0
-1,-1,-1,-1,-1,-1
-1,-1,-1,-1,-1,-1
-1,-1,-1,0,0,0
-1,-1,-1,0,0,0
-1,-1,-1,-1,-1,-1
-1,-1,-1,-1,-1,-1
-1,-1,-1,-1,-1,-1
-1,-1,-1,-1,-1,-1
-1,-1,-1,-1,-1,-1
-1,-1,-1,-1,-1,-1
-1,-1,-1,-1,-1,-1
-1,-1,-1,-1,-1,-1
-1,-1,-1,-1,-1,-1
-1,-1,-1,-1,-1,-1
-1,-1,-1,-1,-1,-1
-1,-1,-1,-1,-1,-1
-1,-1,-1,-1,-1,-1
-1,-1,-1,-1,-1,-1
-1,-1,-1,-1,-1,-1
-1,-1,-1,-1,-1,-1
-1,-1,-1,-1,-1,-1
-1,-1,-1,-1,-1,-1
-1,-1,-1,-1,-1,-1
-1,-1,-1,-1,-1,-1
-1,-1,-1,-1,-1,-1
-1,-1,-1,-1,-1,-1
-1,-1,-1,-1,-1,-1
-1,-1,-1,-1,-1,-1
-1,-1,-1,-1,-1,-1
-1,-1,-1,-1,-1,-1
-1,-1,-1,-1,-1,-1
-1,-1,-1,-1,-1,-1
-1,-1,-1,-1,-1,-1
-1,-1,-1,-1,-1,-1
-1,-1,-1,-1,-1,-1
-1,-1,-1,-1,-1,-1
-1,-1,-1,-1,-1,-1
-1,-1,-1,-1,-1,-1
-1,-1,-1,-1,-1,-1
-1,-1,-1,-1,-1,-1
-1,-1,-1,-1,-1,-1
-1,-1,-1,-1,-1,-1
-1,-1,-1,-1,-1,-1
-1,-1,-1,-1,-1,-1
-1,-1,-1,-1,-1,-1
-1,-1,-1,-1,-1,-1
-1,-1,-1,-1,-1,-1
-1,-1,-1,-1,-1,-1
-1,-1,-1,-1,-1,-1
-1,-1,-1,-1,-1,-1
-1,-1,-1,-1,-1,-1
-1,-1,-1,-1,-1,-1
-1,-1,-1,-1,-1,-1
-1,-1,-1,-1,-1,-1
-1,-1,-1,-1,-1,-1
-1,-1,-1,-1,-1,-1
-1,-1,-1,-1,-1,-1
-1,-1,-1,-1,-1,-1
-1,-1,-1,-1,-1,-1
-1,-1,-1,-1,-1,-1
-1,-1,-1,-1,-1,-1
-1,-1,-1,-1,-1,-1
-1,-1,-1,-1,-1,-1
-1,-1,-1,-1,-1,-1
-1,-1,-1,-1,-1,-1
-1,-1,-1,-1,-1,-1
-1,-1,-1,-1,-1,-1
-1,-1,-1,-1,-1,-1
-1,-1,-1,-1,-1,-1
-1,-1,-1,-1,-1,-1
-1,-1,-1,-1,-1,-1
-1,-1,-1,-1,-1,-1
-1,-1,-1,-1,-1,-1
-1,-1,-1,-1,-1,-1
-1,-1,-1,-1,-1,-1
-1,-1,-1,-1,-1,-1
-1,-1,-1,-1,-1,-1
-1,-1,-1,-1,-1,-1
-1,-1,-1,-1,-1,-1
-1,-1,-1,-1,-1,-1
-1,-1,-1,-1,-1,-1
-1,-1,-1,-1,-1,-1
-1,-1,-1,-1,-1,-1
-1,-1,-1,-1,-1,-1
-1,-1,-1,-1,-1,-1
-1,-1,-1,-1,-1,-1
-1,-1,-1,-1,-1,-1
-1,-1,-1,-1,-1,-1
-1,-1,-1,-1,-1,-1
-1,-1,-1,-1,-1,-1
-1,-1,-1,-1,-1,-1
-1,-1,-1,-1,-1,-1
-1,-1,-1,-1,-1,-1
-1,-1,-1,-1,-1,-1
-1,-1,-1,-1,-1,-1
-1,-1,-1,-1,-1,-1
-1,-1,-1,-1,-1,-1
-1,-1,-1,-1,-1,-1
-1,-1,-1,-1,-1,-1
-1,-1,-1,-1,-1,-1
-1,-1,-1,-1,-1,-1
-1,-1,-1,-1,-1,-1
-1,-1,-1,-1,-1,-1
-1,-1,-1,-1,-1,-1
-1,-1,-1,-1,-1,-1
-1,-1,-1,-1,-1,-1
-1,-1,-1,-1,-1,-1
-1,-1,-1,-1,-1,-1
-1,-1,-1,-1,-1,-1
-1,-1,-1,-1,-1,-1
-1,-1,-1,-1,-1,-1
-1,-1,-1,-1,-1,-1
-1,-1,-1,-1,-1,-1
-1,-1,-1,-1,-1,-1
-1,-1,-1,-1,-1,-1
-1,-1,-1,-1,-1,-1
-1,-1,-1,-1,-1,-1
-1,-1,-1,-1,-1,-1
-1,-1,-1,-1,-1,-1
-1,-1,-1,-1,-1,-1
-1,-1,-1,-1,-1,-1
-1,-1,-1,-1,-1,-1
-1,-1,-1,-1,-1,-1
-1,-1,-1,-1,-1,-1
-1,-1,-1,-1,-1,-1
-1,-1,-1,-1,-1,-1
-1,-1,-1,-1,-1,-1
-1,-1,-1,-1,-1,-1
-1,-1,-1,-1,-1,-1
-1,-1,-1,-1,-1,-1
-1,-1,-1,-1,-1,-1
-1,-1,-1,-1,-1,-1
-1,-1,-1,-1,-1,-1
-1,-1,-1,-1,-1,-1
-1,-1,-1,-1,-1,-1
-1,-1,-1,-1,-1,-1
-1,-1,-1,-1,-1,-1
-1,-1,-1,-1,-1,-1
-1,-1,-1,-1,-1,-1
-1,-1,-1,-1,-1,-1
-1,-1,-1,-1,-1,-1
-1,-1,-1,-1,-1,-1
-1,-1,-1,-1,-1,-1
-1,-1,-1,-1,-1,-1
-1,-1,-1,-1,-1,-1
-1,-1,-1,-1,-1,-1
-1,-1,-1,-1,-1,-1
-1,-1,-1,-1,-1,-1
-1,-1,-1,-1,-1,-1
-1,-1,-1,-1,-1,-1
-1,-1,-1,-1,-1,-1
-1,-1,-1,-1,-1,-1
-1,-1,-1,-1,-1,-1
-1,-1,-1,-1,-1,-1
-1,-1,-1,-1,-1,-1
-1,-1,-1,-1,-1,-1
-1,-1,-1,-1,-1,-1
-1,-1,-1,-1,-1,-1
-1,-1,-1,-1,-1,-1
-1,-1,-1,-1,-1,-1
-1,-1,-1,-1,-1,-1
-1,-1,-1,-1,-1,-1
-1,-1,-1,-1,-1,-1
-12032,33,0,-12032,33,0
-12032,33,0,-12032,33,0
0,0,0,0,0,0
0,0,0,0,0,0
0,0,0,0,0,0
0,0,0,0,0,0
0,0,0,0,0,0
0,0,0,0,0,0
0,0,0,0,0,0
0,0,0,0,0,0
0,0,0,0,0,0
0,0,0,0,0,0
0,0,0,0,0,0
0,0,0,0,0,0
0,0,0,0,0,0
0,0,0,0,0,0
0,0,0,0,0,0
0,0,0,0,0,0
0,0,0,0,0,0
0,0,0,0,0,0
0,0,0,0,0,0
0,0,0,0,0,0
0,0,0,0,0,0
0,0,0,0,0,0
0,0,0,0,0,0
0,0,0,0,0,0
0,0,0,0,0,0
0,0,0,0,0,0
0,0,0,0,0,0
0,0,0,0,0,0
0,0,0,0,0,0
0,0,0,0,0,0
0,0,0,0,0,0
0,0,0,0,0,0
0,0,0,0,0,0
0,0,0,0,0,0
0,0,0,0,0,0
0,0,0,0,0,0
0,0,0,0,0,0
0,0,0,0,0,0
0,0,0,0,0,0
0,0,0,0,0,0
0,0,0,0,0,0
0,0,0,0,0,0
0,0,0,-1,-1,-1
-1,-1,-1,-1,-1,-1
-1,-1,-1,-1,-1,-1
-1,-1,-1,-1,-1,-1
-1,-1,-1,-1,-1,-1
-1,-1,-1,-1,-1,-1
-1,-1,-1,-1,-1,-1
-1,-1,-1,-1,-1,-1
-1,-1,-1,-1,-1,-1
-1,-1,-1,-1,-1,-1
-1,-1,-1,-1,-1,-1
-1,-1,-1,-1,-1,-1
-1,-1,-1,-1,-1,-1
-1,-1,-1,-1,-1,-1
0,0,0,0,0,0
0,0,0,0,0,0
0,0,0,0,0,0
0,0,0,0,0,0
0,0,0,0,0,0
0,0,0,0,0,0
0,0,0,0,0,0
ets Jul 29 2019 12:21:46
rst:0x1 (POWERON_RESET),boot:0x17 (SPI_FAST_FLASH_BOOT)
configsip: 0, SPIWP:0xee
clk_drv:0x00,q_drv:0x00,d_drv:0x00,cs0_drv:0x00,hd_drv:0x00,wp_drv:0x00
mode:DIO, clock div:1
load:0x3fff0030,len:4876
ho 0 tail 12 room 4
load:0x40078000,len:16532
load:0x40080400,len:3500
entry 0x400805b4
Step 1: Serial started
Step 2: SPI.begin() done
Step 3: CS pin set up
Step 4: about to call BMI160.begin()...
ets Jul 29 2019 12:21:46
rst:0x1 (POWERON_RESET),boot:0x17 (SPI_FAST_FLASH_BOOT)
configsip: 0, SPIWP:0xee
clk_drv:0x00,q_drv:0x00,d_drv:0x00,cs0_drv:0x00,hd_drv:0x00,wp_drv:0x00
mode:DIO, clock div:1
load:0x3fff0030,len:4876
ho 0 tail 12 room 4
load:0x40078000,len:16532
load:0x40080400,len:3500
entry 0x400805b4
Step 1: Serial started
Step 2: SPI.begin() done
Step 3: CS pin set up
Step 4: about to call BMI160.begin()...
Step 5: BMI160.begin() returned!
Firmware skeleton up. Starting tick loop...
0,0,0,0,0,0
16364,-1759,28,84,115,570
16614,-1789,-69,5,76,531
16569,-1771,-183,4,-55,480
16394,-1794,-276,126,9,595
16350,-1944,-306,48,-22,760
16529,-2139,-272,195,152,846
16573,-2191,-297,223,212,810
16479,-2174,-238,187,94,669
16653,-2265,-212,175,79,605
16711,-2386,-190,47,-15,343
16505,-2303,-72,62,1,176
16607,-2288,-149,64,-4,128
16385,-2096,-164,69,-77,-23
16683,-2195,-156,23,-121,-11
16523,-2182,-97,-33,-99,-74
16497,-2020,-305,1,-13,64
16402,-2175,-59,77,32,30
16573,-2202,-177,144,53,-26
16365,-2124,-83,152,-102,-54
16405,-2089,-169,83,-150,-73
16504,-2070,-185,95,-89,82
16462,-2137,-85,65,-54,146
16436,-2146,-148,30,15,221
16691,-2256,-153,78,58,137
16419,-2166,-124,108,130,76
16490,-2166,-185,56,40,89
16539,-2211,-127,52,6,117
16484,-2169,-125,68,106,124
16533,-2218,-161,85,111,104
16430,-2194,-98,32,-7,79
16516,-2202,-190,-22,-8,138
16505,-2196,-118,-12,41,147
16471,-2182,-156,-15,-5,106
16462,-2163,-94,-42,-38,162
16625,-2268,-85,-110,28,168
16504,-2252,-118,-75,10,84
16441,-2201,-144,-113,-62,75
16491,-2197,-181,-16,-32,127
16517,-2192,-166,87,16,111
16472,-2252,-80,98,99,94
16533,-2273,-143,91,-24,106
16514,-2245,-127,279,65,147
16394,-2239,-127,87,-4,125
16558,-2289,-60,108,-36,124
16536,-2327,-87,223,33,-1
16470,-2178,-73,75,-24,18
16580,-2234,-89,36,-66,-13
16475,-2250,-57,44,-2,30
16311,-2203,-179,34,-1,43
16494,-2224,-125,-9,-52,104
16649,-2312,-172,1,-36,84
16450,-2236,-166,-1,-133,-5
16440,-2254,-85,49,-131,42
16579,-2316,-81,-56,-116,78
16619,-2359,-131,-64,-157,-44
16482,-2341,-81,-59,-105,-98
16528,-2298,-94,-58,4,-67
16553,-2259,-158,-28,-1,-105
16435,-2214,-131,-59,-47,-164
16543,-2238,-82,-35,27,-60
16543,-2232,-155,7,48,-8
16513,-2283,-125,51,39,-86
16610,-2296,-167,78,-40,-126
16481,-2285,-111,27,-109,-268
16449,-2234,-42,16,-41,-213
16594,-2211,-169,-46,-76,-305
16556,-2138,-196,-56,-184,-417
16370,-2114,-131,-82,-252,-391
16601,-2221,-203,-43,-101,-320
16458,-2152,-176,-43,-156,-378
16469,-2114,-211,-92,-114,-363
16485,-2034,-197,-114,-126,-301
16478,-1972,-156,-123,-82,-229
16492,-1965,-134,-169,-42,-147
16476,-1880,-179,-196,-132,-99
16530,-1909,-128,-136,-113,16
16536,-2026,-79,-98,-127,15
16472,-2058,-122,-70,-185,21
16456,-2076,-186,-48,-68,79
16509,-2172,-199,-23,-123,48
16442,-2163,-194,71,-69,36
16435,-2089,-250,98,-61,66
16564,-2029,-242,122,-86,138
16439,-2016,-174,151,24,189
16533,-2081,-191,195,-7,255
16407,-2187,-99,229,62,256
16481,-2225,-154,221,89,281
16535,-2149,-230,266,91,236
16373,-2092,-171,278,97,272
16484,-2105,-155,295,135,398
16564,-2179,-174,325,72,386
16493,-2133,-155,362,-5,379
16545,-2239,-173,347,-6,381
-1,-1,-1,-1,-1,-1
-1,-1,-1,-1,-1,-1
-1,-1,-1,-1,-1,-1
-1,-1,-1,-1,-1,-1
-1,-1,-1,-1,-1,-1
-1,-1,-1,-1,-1,-1
-1,-1,-1,-1,-1,-1
-1,-1,-1,-1,-1,-1
-1,-1,-1,-1,-1,-1
-1,-1,-1,-1,-1,-1
-1,-1,-1,-1,-1,-1
-1,-1,-1,-1,-1,-1
-1,-1,-1,-1,-1,-1
-1,-1,-1,-1,-1,-1
-1,-1,-1,-1,-1,-1
-1,-1,-1,-1,-1,-1
-1,-1,-1,-1,-1,-1
-1,-1,-1,-1,-1,-1
-1,-1,-1,-1,-1,-1
-1,-1,-1,-1,-1,-1
-1,-1,-1,-1,-1,-1
-1,-1,-1,-1,-1,-1
-1,-1,-1,-1,-1,-1
-1,-1,-1,-1,-1,-1
-1,-1,-1,-1,-1,-1
-1,-1,-1,-1,-1,-1
-1,-1,-1,-1,-1,-1
-1,-1,-1,-1,-1,-1
-1,-1,-1,-1,-1,-1
-1,-1,-1,-1,-1,-1
-1,-1,-1,-1,-1,-1
-1,-1,-1,-1,-1,-1
-1,-1,-1,-1,-1,-1
-1,-1,-1,-1,-1,-1
-1,-1,-1,-1,-1,-1
-1,-1,-1,-1,-1,-1
-1,-1,-1,-1,-1,-1
-1,-1,-1,-1,-1,-1
-1,-1,-1,-1,-1,-1
-1,-1,-1,-1,-1,-1
-1,-1,-1,-1,-1,-1
-1,-1,-1,-1,-1,-1
-1,-1,-1,-1,-1,-1
-1,-1,-1,-1,-1,-1
-1,-1,-1,-1,-1,-1
-1,-1,-1,-1,-1,-1
-1,-1,-1,-1,-1,-1
-1,-1,-1,-1,-1,-1
-1,-1,-1,-1,-1,-1
-1,-1,-1,-1,-1,-1
-1,-1,-1,-1,-1,-1
-1,-1,-1,-1,-1,-1
-1,-1,-1,-1,-1,-1
-1,-1,-1,-1,-1,-1
-1,-1,-1,-1,-1,-1
-1,-1,-1,-1,-1,-1
-1,-1,-1,-1,-1,-1
-1,-1,-1,-1,-1,-1
-1,-1,-1,-1,-1,-1
-1,-1,-1,-1,-1,-1
-1,-1,-1,-1,-1,-1
-1,-1,-1,-1,-1,-1
-1,-1,-1,-1,-1,-1
-1,-1,-1,-1,-1,-1
-1,-1,-1,-1,-1,-1
-1,-1,-1,-1,-1,-1
-1,-1,-1,-1,-1,-1
-1,-1,-1,-1,-1,-1
-1,-1,-1,-1,-1,-1
-1,-1,-1,-1,-1,-1
-1,-1,-1,-1,-1,-1
-1,-1,-1,-1,-1,-1
-1,-1,-1,-1,-1,-1
-1,-1,-1,-1,-1,-1
-1,-1,-1,-1,-1,-1
-1,-1,-1,-1,-1,-1
-1,-1,-1,-1,-1,-1
-1,-1,-1,-1,-1,-1
-1,-1,-1,-1,-1,-1
-1,-1,-1,-1,-1,-1
-1,-1,-1,-1,-1,-1
-1,-1,-1,-1,-1,-1
-1,-1,-1,-1,-1,-1
-1,-1,-1,-1,-1,-1
-1,-1,-1,-1,-1,-1
-1,-1,-1,-1,-1,-1
-1,-1,-1,-1,-1,-1
-1,-1,-1,-1,-1,-1
-1,-1,-1,-1,-1,-1
-1,-1,-1,-1,-1,-1
17920,-3533,92,820,561,-102
17148,-2728,-509,1998,1171,-710
15383,-2025,20,1543,1599,-945
-1,-1,-1,-1,-1,-1
-1,-1,-1,-1,-1,-1
-1,-1,-1,-1,-1,-1
-1,-1,-1,-1,-1,-1
-1,-1,-1,-1,-1,-1
-1,-1,-1,-1,-1,-1
-1,-1,-1,-1,-1,-1
-1,-1,-1,-1,-1,-1
-1,-1,-1,-1,-1,-1
-1,-1,-1,-1,-1,-1
-1,-1,-1,-1,-1,-1
-1,-1,-1,-1,-1,-1
-1,-1,-1,-1,-1,-1
-1,-1,-1,-1,-1,-1
-1,-1,-1,-1,-1,-1
-1,-1,-1,-1,-1,-1
-1,-1,-1,-1,-1,-1
-1,-1,-1,-1,-1,-1
-1,-1,-1,-1,-1,-1
-1,-1,-1,-1,-1,-1
-1,-1,-1,-1,-1,-1
-1,-1,-1,-1,-1,-1
-1,-1,-1,-1,-1,-1
-1,-1,-1,-1,-1,-1
-1,-1,-1,-1,-1,-1
-1,-1,-1,-1,-1,-1
-1,-1,-1,-1,-1,-1
-1,-1,-1,-1,-1,-1
-1,-1,-1,-1,-1,-1
-1,-1,-1,-1,-1,-1
-1,-1,-1,-1,-1,-1
-1,-1,-1,-1,-1,-1
-1,-1,-1,-1,-1,-1
-1,-1,-1,-1,-1,-1
-1,-1,-1,-1,-1,-1
-1,-1,-1,-1,-1,-1
-1,-1,-1,-1,-1,-1
-1,-1,-1,-1,-1,-1
-1,-1,-1,-1,-1,-1
-1,-1,-1,-1,-1,-1
-1,-1,-1,-1,-1,-1
-1,-1,-1,-1,-1,-1
-1,-1,-1,-1,-1,-1
-1,-1,-1,-1,-1,-1
-1,-1,-1,-1,-1,-1
-1,-1,-1,-1,-1,-1
-1,-1,-1,-1,-1,-1
-1,-1,-1,-1,-1,-1
-1,-1,-1,-1,-1,-1
-1,-1,-1,-1,-1,-1
-1,-1,-1,-1,-1,-1
-1,-1,-1,-1,-1,-1
-1,-1,-1,-1,-1,-1
-1,-1,-1,-1,-1,-1
-1,-1,-1,-1,-1,-1
-1,-1,-1,-1,-1,-1
-1,-1,-1,-1,-1,-1
-1,-1,-1,-1,-1,-1
-1,-1,-1,-1,-1,-1
-1,-1,-1,-1,-1,-1
-1,-1,-1,-1,-1,-1
-1,-1,-1,-1,-1,-1
-1,-1,-1,-1,-1,-1
-1,-1,-1,-1,-1,-1
-1,-1,-1,-1,-1,-1
-1,-1,-1,-1,-1,-1
-1,-1,-1,-1,-1,-1
-1,-1,-1,-1,-1,-1
-1,-1,-1,-1,-1,-1
-1,-1,-1,-1,-1,-1
-1,-1,-1,-1,-1,-1
-1,-1,-1,-1,-1,-1
-1,-1,-1,-1,-1,-1
-1,-1,-1,-1,-1,-1
-1,-1,-1,-1,-1,-1
-1,-1,-1,-1,-1,-1
-1,-1,-1,-1,-1,-1
-1,-1,-1,-1,-1,-1
-1,-1,-1,-1,-1,-1
-1,-1,-1,-1,-1,-1
-1,-1,-1,-1,-1,-1
-1,-1,-1,-1,-1,-1
-1,-1,-1,-1,-1,-1
-1,-1,-1,-1,-1,-1
-1,-1,-1,-1,-1,-1
-1,-1,-1,-1,-1,-1
-1,-1,-1,-1,-1,-1
-1,-1,-1,-1,-1,-1
-1,-1,-1,-1,-1,-1
-1,-1,-1,-1,-1,-1
-1,-1,-1,-1,-1,-1
-1,-1,-1,-1,-1,-1
-1,-1,-1,-1,-1,-1
-1,-1,-1,-1,-1,-1
-1,-1,-1,-1,-1,-1
-1,-1,-1,-1,-1,-1
-1,-1,-1,-1,-1,-1
-1,-1,-1,-1,-1,-1
-1,-1,-1,-1,-1,-1
-1,-1,-1,-1,-1,-1
-1,-1,-1,-1,-1,-1
-1,-1,-1,-1,-1,-1
-1,-1,-1,-1,-1,-1
-1,-1,-1,-1,-1,-1
-1,-1,-1,-1,-1,-1
-1,-1,-1,-1,-1,-1
-1,-1,-1,-1,-1,-1
-1,-1,-1,-1,-1,-1
-1,-1,-1,-1,-1,-1
-1,-1,-1,-1,-1,-1
-1,-1,-1,-1,-1,-1
-1,-1,-1,-1,-1,-1
-1,-1,-1,-1,-1,-1
-1,-1,-1,-1,-1,-1
-1,-1,-1,-1,-1,-1
-1,-1,-1,-1,-1,-1
-1,-1,-1,-1,-1,-1
-1,-1,-1,-1,-1,-1
-1,-1,-1,-1,-1,-1
-1,-1,-1,-1,-1,-1
-1,-1,-1,-1,-1,-1
-1,-1,-1,-1,-1,-1
-1,-1,-1,-1,-1,-1
-1,-1,-1,-1,-1,-1
-1,-1,-1,-1,-1,-1
-1,-1,-1,-1,-1,-1
-1,-1,-1,-1,-1,-1
-1,-1,-1,-1,-1,-1
-1,-1,-1,-1,-1,-1
-1,-1,-1,-1,-1,-1
-1,-1,-1,-1,-1,-1
-1,-1,-1,-1,-1,-1
-1,-1,-1,-1,-1,-1
-1,-1,-1,-1,-1,-1
-1,-1,-1,-1,-1,-1
-1,-1,-1,-1,-1,-1
-1,-1,-1,-1,-1,-1
-1,-1,-1,-1,-1,-1
-1,-1,-1,-1,-1,-1
-1,-1,-1,-1,-1,-1
-1,-1,-1,-1,-1,-1
-1,-1,-1,-1,-1,-1
-1,-1,-1,-1,-1,-1
-1,-1,-1,-1,-1,-1
-1,-1,-1,-1,-1,-1
-1,-1,-1,-1,-1,-1
-1,-1,-1,-1,-1,-1
-1,-1,-1,-1,-1,-1
-1,-1,-1,-1,-1,-1
-1,-1,-1,-1,-1,-1
-1,-1,-1,-1,-1,-1
-1,-1,-1,-1,-1,-1
-1,-1,-1,-1,-1,-1
-1,-1,-1,-1,-1,-1
-1,-1,-1,-1,-1,-1
-1,-1,-1,-1,-1,-1
-1,-1,-1,-1,-1,-1
-1,-1,-1,-1,-1,-1
-1,-1,-1,-1,-1,-1
-1,-1,-1,-1,-1,-1
-1,-1,-1,-1,-1,-1
-1,-1,-1,-1,-1,-1
-1,-1,-1,-1,-1,-1
-1,-1,-1,-1,-1,-1
-1,-1,-1,-1,-1,-1
-1,-1,-1,-1,-1,-1
-1,-1,-1,-1,-1,-1
-1,-1,-1,-1,-1,-1
-1,-1,-1,-1,-1,-1
-1,-1,-1,-1,-1,-1
-1,-1,-1,-1,-1,-1
-1,-1,-1,-1,-1,-1
-1,-1,-1,-1,-1,-1
-1,-1,-1,-1,-1,-1
-1,-1,-1,-1,-1,-1
-1,-1,-1,-1,-1,-1
-1,-1,-1,-1,-1,-1
-1,-1,-1,-1,-1,-1
-1,-1,-1,-1,-1,-1
-1,-1,-1,-1,-1,-1
-1,-1,-1,-1,-1,-1
-1,-1,-1,-1,-1,-1
-1,-1,-1,-1,-1,-1
-1,-1,-1,-1,-1,-1
-1,-1,-1,-1,-1,-1
-1,-1,-1,-1,-1,-1
-1,-1,-1,-1,-1,-1
-1,-1,-1,-1,-1,-1
-1,-1,-1,-1,-1,-1
-1,-1,-1,-1,-1,-1
-1,-1,-1,-1,-1,-1
-1,-1,-1,-1,-1,-1
-1,-1,-1,-1,-1,-1
-1,-1,-1,-1,-1,-1
-1,-1,-1,-1,-1,-1
-1,-1,-1,-1,-1,-1
-1,-1,-1,-1,-1,-1
-1,-1,-1,-1,-1,-1
-1,-1,-1,-1,-1,-1
-1,-1,-1,-1,-1,-1
-1,-1,-1,-1,-1,-1
-1,-1,-1,-1,-1,-1
-1,-1,-1,-1,-1,-1
-1,-1,-1,-1,-1,-1
-1,-1,-1,-1,-1,-1
-1,-1,-1,-1,-1,-1
-1,-1,-1,-1,-1,-1
-1,-1,-1,-1,-1,-1
-1,-1,-1,-1,-1,-1
-1,-1,-1,-1,-1,-1
-1,-1,-1,-1,-1,-1
-1,-1,-1,-1,-1,-1
-1,-1,-1,-1,-1,-1
-1,-1,-1,-1,-1,-1
-1,-1,-1,-1,-1,-1
-1,-1,-1,-1,-1,-1
-1,-1,-1,-1,-1,-1
-1,-1,-1,-1,-1,-1
-1,-1,-1,-1,-1,-1
-1,-1,-1,-1,-1,-1
-1,-1,-1,-1,-1,-1
-1,-1,-1,-1,-1,-1
-1,-1,-1,-1,-1,-1
-1,-1,-1,-1,-1,-1
-1,-1,-1,-1,-1,-1
-1,-1,-1,-1,-1,-1
-1,-1,-1,-1,-1,-1
-1,-1,-1,-1,-1,-1
-1,-1,-1,-1,-1,-1
-1,-1,-1,-1,-1,-1
-1,-1,-1,-1,-1,-1
-1,-1,-1,-1,-1,-1
-1,-1,-1,-1,-1,-1
-1,-1,-1,-1,-1,-1
-1,-1,-1,-1,-1,-1
-1,-1,-1,-1,-1,-1
-1,-1,-1,-1,-1,-1
-1,-1,-1,-1,-1,-1
-1,-1,-1,-1,-1,-1
-1,-1,-1,-1,-1,-1
-1,-1,-1,-1,-1,-1
-1,-1,-1,-1,-1,-1
-1,-1,-1,-1,-1,-1
-1,-1,-1,-1,-1,-1
-1,-1,-1,-1,-1,-1
-1,-1,-1,-1,-1,-1
-1,-1,-1,-1,-1,-1
-1,-1,-1,-1,-1,-1
-1,-1,-1,-1,-1,-1
-1,-1,-1,-1,-1,-1
-1,-1,-1,-1,-1,-1
-1,-1,-1,-1,-1,-1
-1,-1,-1,-1,-1,-1
-1,-1,-1,-1,-1,-1
-1,-1,-1,-1,-1,-1
-1,-1,-1,-1,-1,-1
-1,-1,-1,-1,-1,-1
-1,-1,-1,-1,-1,-1
-1,-1,-1,-1,-1,-1
-1,-1,-1,-1,-1,-1
-1,-1,-1,-1,-1,-1
-1,-1,-1,-1,-1,-1
-1,-1,-1,-1,-1,-1
-1,-1,-1,-1,-1,-1
-1,-1,-1,-1,-1,-1
-1,-1,-1,-1,-1,-1
-1,-1,-1,-1,-1,-1
-1,-1,-1,-1,-1,-1
-1,-1,-1,-1,-1,-1
-1,-1,-1,-1,-1,-1
-1,-1,-1,-1,-1,-1
-1,-1,-1,-1,-1,-1
-1,-1,-1,-1,-1,-1
-1,-1,-1,-1,-1,-1
-1,-1,-1,-1,-1,-1
-1,-1,-1,-1,-1,-1
-1,-1,-1,-1,-1,-1
-1,-1,-1,-1,-1,-1
-1,-1,-1,-1,-1,-1
-1,-1,-1,-1,-1,-1
-1,-1,-1,-1,-1,-1
-1,-1,-1,-1,-1,-1
-1,-1,-1,-1,-1,-1
-1,-1,-1,-1,-1,-1
-1,-1,-1,-1,-1,-1
-1,-1,-1,-1,-1,-1
-1,-1,-1,-1,-1,-1
-1,-1,-1,-1,-1,-1
-1,-1,-1,-1,-1,-1
-1,-1,-1,-1,-1,-1
-1,-1,-1,-1,-1,-1
-1,-1,-1,-1,-1,-1
-1,-1,-1,-1,-1,-1
-1,-1,-1,-1,-1,-1
-1,-1,-1,-1,-1,-1
-1,-1,-1,-1,-1,-1
-1,-1,-1,-1,-1,-1
-1,-1,-1,-1,-1,-1
-1,-1,-1,-1,-1,-1
-1,-1,-1,-1,-1,-1
-1,-1,-1,-1,-1,-1
-1,-1,-1,-1,-1,-1
-1,-1,-1,-1,-1,-1
-1,-1,-1,-1,-1,-1
-1,-1,-1,-1,-1,-1
-1,-1,-1,-1,-1,-1
-1,-1,-1,-1,-1,-1
-1,-1,-1,-1,-1,-1
-1,-1,-1,-1,-1,-1
-1,-1,-1,-1,-1,-1
-1,-1,-1,-1,-1,-1
-1,-1,-1,-1,-1,-1
-1,-1,-1,-1,-1,-1
-1,-1,-1,-1,-1,-1
-1,-1,-1,-1,-1,-1
-1,-1,-1,-1,-1,-1
-1,-1,-1,-1,-1,-1
-1,-1,-1,-1,-1,-1
-1,-1,-1,-1,-1,-1
-1,-1,-1,-1,-1,-1
-1,-1,-1,-1,-1,-1
-1,-1,-1,-1,-1,-1
-1,-1,-1,-1,-1,-1
-1,-1,-1,-1,-1,-1
-1,-1,-1,-1,-1,-1
-1,-1,-1,-1,-1,-1
-1,-1,-1,-1,-1,-1
-1,-1,-1,-1,-1,-1
-1,-1,-1,-1,-1,-1
-1,-1,-1,-1,-1,-1
-1,-1,-1,-1,-1,-1
-1,-1,-1,-1,-1,-1
-1,-1,-1,-1,-1,-1
-1,-1,-1,-1,-1,-1
-1,-1,-1,-1,-1,-1
-1,-1,-1,-1,-1,-1
-1,-1,-1,-1,-1,-1
-1,-1,-1,-1,-1,-1
-1,-1,-1,-1,-1,-1
-1,-1,-1,-1,-1,-1
-1,-1,-1,-1,-1,-1
-1,-1,-1,-1,-1,-1
-1,-1,-1,-1,-1,-1
-1,-1,-1,-1,-1,-1
-1,-1,-1,-1,-1,-1
-1,-1,-1,-1,-1,-1
16504,-1866,-699,194,-66,219
16454,-1858,-707,169,-3,205
16612,-1981,-738,125,12,197
16510,-2026,-645,82,-56,69
16533,-1918,-705,27,-50,86
16484,-1827,-618,-50,-56,44
16501,-1779,-646,-108,-140,28
16241,-1755,-584,-231,-171,52
16557,-1892,-597,-134,22,271
16509,-1950,-591,-78,14,246
16440,-2059,-542,-58,113,275
16617,-2158,-623,10,167,223
16471,-2040,-663,48,71,118
16483,-2055,-621,106,49,88
16370,-1949,-577,131,125,97
16612,-1957,-640,171,91,146
16439,-1915,-567,168,-29,59
16508,-1926,-615,182,-5,146
16502,-2028,-555,151,15,136
16460,-1954,-639,140,46,152
16566,-1972,-661,77,35,131
16533,-1997,-629,81,-59,85
16316,-1982,-558,82,-8,100
16644,-2056,-648,82,72,217
16470,-2125,-531,63,-37,49
16371,-2017,-560,64,-21,79
16630,-2129,-565,85,30,62
16484,-2005,-527,117,105,-17
16336,-1911,-614,62,7,-5
16583,-2007,-597,47,-14,69
16426,-2028,-477,82,4,67
16539,-2028,-565,73,6,108
16473,-2077,-519,46,-74,22
16508,-2038,-627,23,-6,54
16510,-2022,-596,3,-38,36
16501,-2037,-586,44,-15,20
16453,-2012,-626,43,-37,18
16529,-2104,-572,20,-53,40
16449,-2043,-571,13,-34,19
16525,-2049,-584,28,-8,23
16503,-2084,-545,24,-45,-31
16419,-2011,-577,21,-11,-23
16520,-1982,-549,4,-4,-13
16495,-1999,-572,17,-3,-4
16446,-1960,-586,21,-19,-3
16505,-2057,-596,23,-20,35
16509,-2043,-533,3,-46,11
16482,-2065,-545,13,-5,25
16518,-2024,-547,-8,76,3
16429,-2005,-565,-45,88,-14
16502,-1991,-592,-9,57,60
16491,-1993,-612,39,6,70
16534,-2102,-547,41,-34,57
16506,-2094,-547,11,-66,20
16439,-2040,-533,0,-55,4
16444,-2009,-584,6,-57,13
16479,-1947,-544,54,-9,69
16396,-1953,-471,75,-10,95
16515,-1937,-486,96,-10,138
16514,-2113,-468,70,-2,153
16511,-2084,-575,97,-19,121
16450,-2087,-594,77,-14,101
16504,-2100,-653,68,-8,99
16524,-2150,-680,42,8,46
16450,-2093,-625,51,32,26
16494,-2040,-578,69,39,22
16494,-2048,-556,72,9,13
16478,-2026,-560,16,-45,1
16421,-2027,-500,-5,-70,4
16470,-2009,-537,16,-51,29
16460,-2027,-521,30,-50,31
16459,-2028,-571,45,-57,66
16490,-2106,-630,-15,-77,67
16483,-2115,-603,-5,-35,43
16535,-2148,-603,-32,-9,43
16546,-2122,-551,14,13,-21
16458,-2036,-544,41,-59,-87
16476,-1980,-527,15,-74,-73
16436,-1915,-497,-10,-74,-16
16547,-1984,-542,-9,-72,46
16497,-2060,-553,13,-69,23
16444,-2057,-566,3,-87,20
16449,-2066,-570,-10,-34,50
16533,-2078,-587,-24,-9,57
16486,-2089,-663,-5,-37,1
16527,-2091,-589,1,-55,-11
16494,-2080,-589,42,-6,-11
16346,-2037,-549,-10,-83,-48
16664,-2034,-590,-9,35,41
16479,-2026,-509,-16,-83,-101
16447,-1967,-603,16,-20,-3
16477,-2065,-641,0,-46,3
16451,-2065,-575,-5,-9,24
16399,-2082,-547,-32,67,5
16599,-2143,-534,-58,119,-37
16212,-1973,-538,-29,6,-100
16670,-1984,-655,22,12,83
16435,-2003,-522,-30,-155,-65
16364,-1971,-636,9,-77,54
16422,-2065,-591,-16,-51,90
16608,-2112,-650,9,23,154
16457,-2110,-510,23,-34,-4
16555,-2117,-549,38,-18,32
16414,-2010,-538,21,14,-47
16481,-1988,-590,36,13,46
16528,-2024,-522,53,-46,35
16442,-2067,-568,51,-66,27
16478,-2094,-580,72,-14,64
16519,-2099,-611,89,55,69
16530,-2090,-607,69,56,11
16482,-2037,-548,29,-28,-47
16479,-1998,-552,24,-34,-13
16467,-1962,-563,37,-17,37
16490,-2053,-560,66,-16,88
16474,-2085,-578,41,-53,66
16498,-2104,-571,50,-43,60
16455,-2079,-612,46,-54,20
16471,-2026,-593,52,19,76
16549,-2080,-602,56,-38,40
16450,-2054,-511,72,-36,46
16534,-2065,-603,62,-22,43
16495,-2082,-572,69,-17,28
16471,-2090,-504,61,-45,32
16504,-2043,-521,4,-60,29
16510,-2036,-559,25,-26,5
16457,-2023,-582,22,-21,14
16548,-2081,-603,19,-17,80
16435,-2090,-545,26,-45,7
16440,-2047,-598,48,18,72
16600,-2153,-590,15,-31,24
16327,-2053,-503,18,-36,-31
16524,-2063,-582,31,-11,38
16455,-2063,-592,41,-58,-26
16427,-1994,-583,31,-35,17
16522,-2038,-610,16,-18,88
16503,-2129,-568,50,24,76
16386,-2055,-559,16,-6,-22
16678,-2074,-619,0,85,51
16315,-2063,-506,-61,20,-116
16532,-2049,-649,47,110,76
16491,-2077,-580,14,7,22
16504,-2073,-648,20,-54,58
16493,-2116,-519,18,-89,-7
16469,-2096,-554,23,-64,0
16487,-2069,-554,29,-2,21
16500,-2029,-567,58,-2,54
16505,-2055,-523,52,12,49
16431,-2038,-550,58,-6,46
16530,-2093,-564,49,-43,44
16526,-2100,-615,73,-53,27
16501,-2109,-539,35,-39,0
16450,-2033,-540,64,-3,28
16487,-2042,-573,53,-2,40
16477,-2060,-518,29,-15,58
16539,-2095,-569,55,-4,62
16469,-2068,-587,47,-31,29
16459,-2112,-585,64,10,53
16526,-2084,-600,38,-25,54
16540,-2118,-509,31,-45,26
16440,-2085,-539,47,-23,4
16483,-2073,-526,61,-22,13
16410,-2043,-541,25,-42,65
16564,-2087,-538,43,40,74
16419,-2133,-504,60,6,32
16546,-2111,-635,66,11,88
16547,-2156,-564,32,-46,16
16410,-2075,-568,47,-56,21
16530,-2124,-594,76,-13,45
16522,-2091,-537,37,4,1
16449,-2050,-553,39,-40,16
16534,-2072,-620,32,-64,34
16414,-2055,-546,35,-59,8
16451,-2051,-525,49,-16,56
16574,-2125,-564,63,-6,73
16411,-2134,-502,20,-47,24
16505,-2145,-564,48,-6,63
16490,-2101,-586,44,21,26
16455,-2098,-545,61,-8,31
16569,-2138,-528,75,-23,20
16485,-2095,-528,45,-51,-28
16439,-2121,-518,46,-37,1
16481,-2086,-529,4,23,14
16482,-2117,-575,7,109,22
16495,-2125,-547,15,112,28
16521,-2121,-587,38,25,39
16476,-2168,-598,19,-51,8
16463,-2080,-521,4,-67,-1
16505,-2128,-590,40,-59,5
16464,-2092,-528,47,-73,12
16479,-2123,-520,70,-39,40
16477,-2073,-525,46,0,22
16493,-2038,-527,52,-20,55
16492,-2092,-516,45,-53,29
16523,-2127,-519,25,-61,42
16470,-2110,-515,53,10,28
16518,-2093,-543,55,3,24
16500,-2124,-513,43,-11,2
16455,-2049,-532,59,-31,6
16488,-2098,-556,22,-62,6
16466,-2102,-533,47,4,25
16451,-2068,-589,33,10,58
16540,-2139,-606,45,13,94
16488,-2140,-531,38,-64,-17
16430,-2098,-517,28,-17,-5
16520,-2121,-553,40,14,36
16510,-2020,-531,84,22,34
16484,-2084,-544,74,-58,1
16462,-2067,-577,20,-59,37
16499,-2151,-559,47,26,82
16525,-2127,-544,94,25,59
16480,-2112,-547,48,-38,-1
16443,-2081,-565,54,-38,10
16530,-2093,-503,45,-10,25
16481,-2122,-504,52,-26,17
16498,-2135,-559,64,-13,34
16467,-2077,-558,23,-43,5
16419,-2049,-557,32,-32,26
16559,-2140,-526,62,-8,69
16449,-2072,-517,43,-7,32
16482,-2114,-520,37,-22,54
16487,-2106,-530,48,-27,40
16518,-2126,-514,30,-19,57
16517,-2156,-547,63,9,57
16500,-2182,-486,67,-32,14
16468,-2098,-577,43,-70,-9
16428,-2149,-551,35,-63,18
16501,-2123,-496,62,65,45
16474,-2116,-522,32,144,40
16444,-2106,-549,-7,92,16
16514,-2103,-537,-2,9,18
16483,-2136,-501,28,2,9
16477,-2134,-545,20,-10,4
16488,-2122,-601,-18,-72,-11
16425,-2172,-502,-16,-126,-84
16466,-2107,-529,26,-100,-31
16392,-2091,-440,6,-61,-67
16426,-1999,-498,-6,-2,21
16572,-2057,-500,-12,-29,35
16494,-2077,-487,17,-46,37
16506,-2164,-531,29,-20,37
16501,-2179,-552,-5,7,33
16521,-2129,-623,-19,-49,-22
16559,-2142,-568,-20,-77,-62
16365,-1984,-520,-18,-76,-103
16479,-2043,-467,7,7,4
16528,-2027,-531,-12,-22,16
16549,-2084,-542,12,-52,37
16456,-2078,-497,14,-117,16
16396,-2046,-524,-22,-70,74
16680,-2140,-613,-8,-104,72
16484,-2175,-572,-26,-79,-18
16464,-2123,-620,7,-58,6
16471,-2142,-609,-8,-55,-13
16518,-2162,-562,6,3,8
16482,-2123,-568,-8,-89,-86
16454,-2086,-541,22,-26,-43
16487,-2092,-524,12,-31,-43
16517,-1971,-517,5,38,8
16536,-2022,-573,-1,-43,-20
16377,-1989,-540,-29,-80,-14
16472,-2011,-546,18,-30,96
16480,-2056,-539,26,-38,128
16261,-1773,-795,-215,-97,194
16702,-2394,-464,-50,1,238
16669,-2219,-698,74,19,97
16476,-2229,-524,-23,-30,-24
16483,-2099,-582,40,20,-7
16553,-2080,-618,-10,-64,-65
16386,-2041,-558,42,-81,-58
16537,-2107,-582,59,-36,22
16518,-2153,-526,68,9,2
16565,-2133,-517,48,46,-12
16422,-2054,-543,-36,36,-85
16534,-1984,-599,10,79,4
16421,-2011,-472,37,-12,28
16458,-1992,-611,32,8,150
16566,-2154,-554,46,-87,90
16513,-2191,-623,56,-81,64
16468,-2184,-561,56,-128,11
16421,-2114,-544,18,-80,7
16546,-2069,-541,49,-21,-2
16483,-2010,-557,47,-15,16
16459,-2054,-555,82,-37,50
16486,-2100,-569,72,-34,104
16593,-2189,-553,78,25,106
16487,-2155,-535,72,21,6
16421,-2053,-547,81,38,33
16523,-2062,-618,65,2,48
16495,-2130,-582,68,-34,33
16460,-2113,-595,78,-23,56
16509,-2163,-620,71,-7,65
16483,-2209,-531,59,-21,8
16482,-2199,-571,48,-4,-17
16577,-2162,-597,25,-36,-33
16449,-2040,-580,30,-16,-51
16320,-1993,-536,36,-18,20
16577,-2092,-570,34,7,96
16501,-2147,-543,68,-12,57
16464,-2123,-530,55,7,44
16518,-2175,-640,27,-65,21
16518,-2111,-530,13,-82,-24
16519,-2098,-610,-2,-103,-48
16394,-2063,-578,22,10,-6
16472,-2101,-571,26,-37,31
16460,-2124,-539,7,-47,8
16512,-2137,-611,2,-45,6
16478,-2142,-564,-11,-27,-4
16496,-2112,-546,-1,-10,-28
16555,-2092,-619,-11,-66,-56
16377,-2021,-530,-19,-75,-71
16508,-2005,-530,-8,-67,-15
16394,-2063,-550,-23,-32,-17
16556,-2141,-580,23,16,68
16476,-2156,-558,21,-15,-18
16470,-2119,-602,-5,32,-21
16496,-2086,-612,-32,-23,-43
16475,-2052,-531,-26,11,-25
16492,-2030,-593,3,-21,-2
16504,-2040,-566,1,-31,-7
16454,-2091,-565,14,-61,16
16467,-2085,-535,45,-125,33
16451,-2069,-534,22,-55,51
16589,-2105,-577,40,-31,65
16422,-2088,-553,31,-27,14
16504,-2083,-580,50,-13,83
16478,-2121,-535,20,-65,9
16497,-2090,-539,56,31,44
16510,-2087,-555,44,-18,13
16478,-2096,-560,57,13,38
16482,-2100,-526,48,24,42
16500,-2093,-562,47,30,55
16498,-2107,-568,24,-53,6
16455,-2097,-586,55,-61,28
16472,-2102,-618,38,-76,28
16510,-2160,-591,52,11,53
16520,-2128,-607,71,23,51
16418,-2058,-575,47,10,31
16527,-2055,-545,69,27,81
16483,-2085,-553,67,21,48
16446,-2074,-554,81,23,59
16520,-2107,-546,64,-4,72
16527,-2142,-565,76,3,45
16433,-2083,-567,44,10,53
16561,-2100,-627,53,-13,63
16500,-2128,-526,58,2,19
16449,-2078,-529,60,52,70
16557,-2120,-582,36,9,67
16552,-2185,-524,30,-49,13
16435,-2102,-567,50,-12,26
16515,-2122,-545,36,38,45
16415,-2105,-499,34,1,35
16532,-2141,-533,49,-10,28
16442,-2145,-500,60,97,20
16464,-2117,-557,37,171,32
16533,-2111,-556,42,94,19
16499,-2092,-493,35,-24,3
16441,-2082,-518,57,25,33
16467,-2072,-550,28,12,65
16536,-2142,-563,38,-62,24
16482,-2161,-464,61,-98,-5
16449,-2115,-507,42,14,21
16541,-2112,-535,44,41,36
16476,-2130,-531,49,-50,-12
16383,-2093,-509,43,-19,28
16544,-2161,-529,41,29,83
16634,-2161,-557,36,-39,-17
16274,-2007,-456,16,-79,-59
16600,-2141,-588,37,-13,77
16455,-2128,-492,-3,-32,-1
16487,-2100,-550,25,-9,16
16454,-2095,-586,-9,-76,7
16534,-2155,-517,1,-84,19
16418,-2133,-515,22,-38,24
16594,-2149,-595,31,21,72
16463,-2137,-493,33,-69,-11
16445,-2128,-485,11,-84,5
16572,-2112,-585,11,-9,31
16507,-2117,-501,22,-50,-20
16409,-2059,-502,33,-22,9
16586,-2146,-548,44,-63,50
16348,-2099,-448,20,-20,21
16535,-2124,-576,37,2,94
16544,-2190,-557,45,-60,-7
16362,-2106,-548,21,-5,18
16573,-2113,-574,24,-13,65
16476,-2101,-495,15,-14,17
16471,-2157,-542,71,14,65
16550,-2169,-566,77,-31,47
16403,-2155,-517,25,-14,7
16550,-2132,-540,38,11,48
16599,-2200,-529,35,-45,-14
16395,-2066,-513,46,-12,-40
16433,-2111,-560,38,-9,50
16487,-2109,-534,21,24,62
16503,-2168,-491,26,41,46
16523,-2130,-507,24,37,13
16475,-2128,-532,49,97,50
16469,-2106,-522,23,8,33
16539,-2131,-568,9,-43,31
16450,-2123,-518,12,-28,32
16465,-2131,-567,54,15,92
16519,-2149,-537,50,-18,74
16525,-2162,-494,60,-42,35
16484,-2144,-490,30,-108,-32
16428,-2086,-506,32,18,43
16523,-2125,-534,41,-2,64
16479,-2174,-488,53,-22,27
16500,-2113,-503,63,-50,18
16529,-2141,-548,55,-86,-8
16408,-2147,-463,38,32,40
16575,-2187,-527,54,38,75
16511,-2146,-546,32,-60,0
16339,-2136,-570,26,31,42
16577,-2161,-564,17,42,122
16528,-2211,-553,30,-22,29
16490,-2174,-497,40,-49,3
16504,-2195,-543,42,-79,-2
16448,-2146,-497,27,-32,11
16464,-2143,-488,56,-4,30
16531,-2119,-568,34,-50,27
16454,-2157,-537,29,-23,25
16524,-2171,-527,46,-49,20
16470,-2159,-530,13,-28,19
16510,-2166,-479,42,-26,44
16504,-2180,-550,56,-67,-6
16448,-2138,-539,15,-23,19
16493,-2129,-529,30,56,69
16531,-2156,-576,26,-14,36
16502,-2149,-491,40,-7,20
16472,-2173,-496,34,-39,2
16501,-2161,-510,26,-89,-20
16490,-2148,-500,27,-69,-3
16466,-2139,-525,39,-8,12
16494,-2163,-539,33,-27,15
16485,-2102,-565,25,-44,-5
16501,-2148,-546,21,3,43
16536,-2191,-499,12,-8,34
16497,-2158,-552,39,7,38
16494,-2151,-503,32,-17,-18
16470,-2157,-516,23,72,13
16518,-2123,-541,-12,96,31
16502,-2153,-503,15,61,10
16518,-2154,-470,46,-4,13
16438,-2133,-461,52,15,24
16524,-2120,-516,24,4,54
16477,-2190,-492,37,-42,30
16523,-2157,-481,59,-29,43
16445,-2130,-472,48,43,45
16499,-2115,-498,48,-26,32
16522,-2135,-471,61,-35,38
16469,-2170,-500,52,-17,70
16528,-2191,-490,89,-23,48
16510,-2214,-508,41,-35,6
16457,-2170,-467,23,-55,-9
16497,-2143,-475,50,-32,10
16455,-2095,-513,47,-9,24
16459,-2111,-571,25,-22,44
16450,-2171,-507,17,-2,61
16532,-2225,-516,55,-8,42
16483,-2234,-493,57,-41,4
16501,-2188,-503,29,-31,0
16439,-2101,-475,23,-26,4
16493,-2135,-484,49,0,44
16494,-2127,-505,63,1,64
16538,-2193,-482,48,-58,42
16506,-2239,-484,45,-38,15
16463,-2152,-539,35,-41,-21
16493,-2142,-493,29,-25,38
16545,-2175,-480,30,2,30
16417,-2150,-496,41,-43,5
16525,-2161,-499,30,-5,49
16503,-2150,-533,9,-83,-8
16445,-2131,-490,9,-34,18
16559,-2204,-527,31,-66,18
16421,-2174,-468,35,-44,-24
16461,-2113,-484,32,-12,29
16586,-2197,-521,42,-80,-2
16391,-2118,-458,16,-28,-1
16500,-2107,-586,43,12,55
16577,-2180,-553,30,-56,20
16414,-2180,-512,5,-41,17
16497,-2196,-465,39,16,38
16516,-2177,-546,32,-31,-2
16470,-2139,-532,21,-111,-33
16413,-2087,-480,-11,8,16
16527,-2149,-521,24,43,65
16491,-2161,-520,5,-29,9
16413,-2148,-458,10,38,22
16555,-2148,-482,25,107,42
16535,-2190,-486,20,58,-5
16468,-2152,-450,37,4,2
16444,-2161,-487,24,-17,12
16479,-2140,-543,13,-35,60
16480,-2173,-515,43,-27,57
16493,-2183,-479,54,-65,22
16469,-2165,-489,36,-48,24
16462,-2160,-452,34,-10,57
16563,-2197,-503,84,30,46
16475,-2129,-481,70,6,14
16433,-2140,-521,45,14,56
16551,-2234,-500,52,-20,45
16471,-2171,-470,53,-15,39
16460,-2157,-409,60,6,28
16494,-2158,-472,63,53,57
16489,-2190,-500,66,19,24
16430,-2114,-511,32,-15,36
16501,-2190,-464,48,4,52
16490,-2182,-486,57,-1,49
16537,-2204,-474,73,-40,16
16514,-2185,-487,30,-3,-33
16460,-2143,-468,6,-58,-15
16456,-2139,-460,-11,-9,20
16530,-2183,-460,14,-31,18
16457,-2128,-465,43,-25,16
16505,-2190,-492,63,-9,22
16498,-2215,-496,80,-17,3
16437,-2147,-475,39,-53,9
16559,-2184,-518,25,-85,-1
16502,-2185,-468,26,-84,-25
16472,-2146,-521,25,-71,-20
16454,-2124,-478,-5,-115,-41
16478,-2142,-517,23,-130,-39
16520,-2119,-534,33,-161,-18
16449,-2193,-480,53,-135,-12
16546,-2198,-507,72,-119,-28
16511,-2159,-507,46,-127,-62
16384,-2111,-520,-37,-133,-80
16452,-2101,-540,-21,-88,-34
16508,-2118,-504,18,-20,11
16530,-2133,-502,33,-27,8
16448,-2132,-500,19,-64,-14
16430,-2125,-563,-14,-40,17
16519,-2181,-486,5,6,43
16471,-2154,-523,1,9,4
16497,-2090,-577,5,63,10
16477,-2140,-518,24,47,14
16491,-2102,-505,44,-10,35
16524,-2163,-551,53,-80,36
16366,-2112,-556,-1,2,65
16559,-2177,-555,35,-40,84
16414,-2168,-522,4,-67,44
16477,-2155,-516,28,-6,62
16588,-2147,-556,35,-62,41
16373,-2145,-443,48,-30,20
16487,-2115,-536,30,14,93
16537,-2218,-536,26,-70,29
16365,-2143,-484,63,43,57
16537,-2173,-545,87,83,95
16505,-2153,-539,60,-18,29
16462,-2123,-443,62,-12,47
16503,-2178,-511,40,12,65
16537,-2171,-526,31,-76,27
16383,-2128,-480,55,-34,32
16503,-2166,-515,61,25,66
16487,-2189,-537,53,-68,37
16428,-2187,-510,43,-37,46
16600,-2192,-526,56,-30,55
16411,-2174,-500,39,-67,-22
16450,-2153,-543,35,-14,44
16572,-2202,-529,57,-40,34
16448,-2216,-514,38,-95,9
16436,-2155,-506,34,21,74
16567,-2205,-570,44,-5,43
16452,-2184,-543,20,-65,0
16500,-2213,-503,31,-2,28
16554,-2181,-572,36,-59,-14
16363,-2132,-482,10,-22,7
16479,-2175,-500,7,45,68
16605,-2230,-536,18,-15,38
16403,-2167,-557,49,-65,-20
16450,-2201,-518,37,2,39
16492,-2180,-520,15,-53,-18
16464,-2215,-572,-18,-77,-38
16473,-2081,-550,-3,-46,5
16531,-2162,-553,19,-65,13
16417,-2152,-470,-11,-9,29
16612,-2258,-597,21,-18,34
16379,-2189,-509,9,-34,-36
16508,-2114,-530,-5,89,29
16497,-2154,-513,-40,37,-26
16498,-2129,-524,7,65,36
16523,-2166,-512,-3,-63,-15
16410,-2136,-483,-16,-21,31
16530,-2171,-557,9,-50,39
16421,-2181,-498,4,-66,0
16432,-2166,-553,31,-40,47
16575,-2209,-503,32,1,48
16422,-2171,-470,45,-25,8
16507,-2133,-498,51,-29,42
16463,-2216,-487,48,-26,22
16427,-2121,-502,50,49,71
16594,-2219,-534,79,14,58
16487,-2168,-484,100,-23,13
16448,-2136,-513,92,16,45
16539,-2172,-572,72,3,22
16484,-2198,-531,66,-31,-8
16412,-2108,-536,74,-50,1
16513,-2187,-523,93,-25,58
16502,-2165,-495,112,-13,49
16472,-2167,-474,69,-45,4
16449,-2117,-575,51,-46,17
16489,-2161,-498,49,-40,44
16518,-2151,-530,72,-17,56
16479,-2197,-498,54,-21,41
16480,-2237,-488,29,-11,50
16487,-2202,-536,28,-40,11
16450,-2150,-558,24,-53,-24
16431,-2139,-473,-4,-7,-3
16595,-2170,-552,-19,-15,18
16375,-2160,-506,3,-65,-63
16490,-2126,-510,44,-20,46
16508,-2161,-501,26,-38,7
16394,-2093,-511,39,13,41
16533,-2182,-522,35,-30,69
16504,-2220,-537,25,-24,54
16504,-2245,-521,30,-87,-11
16405,-2176,-488,15,-65,-35
16512,-2143,-549,19,6,53
16483,-2167,-553,20,-86,-12
16446,-2195,-468,7,-80,29
16536,-2180,-532,1,-22,24
16457,-2182,-491,-10,1,-15
16418,-2182,-509,12,101,22
16612,-2198,-606,39,39,40
16403,-2170,-427,-2,-80,-20
16483,-2115,-499,-7,-13,43
16563,-2157,-609,-9,-116,8
16439,-2149,-487,26,-25,71
16582,-2229,-521,54,-45,55
16353,-2156,-482,52,-51,20
16560,-2197,-524,3,22,64
16522,-2129,-549,16,-57,1
16367,-2140,-475,10,11,10
16555,-2192,-534,16,0,75
16481,-2207,-470,18,-66,-17
16427,-2108,-478,40,-30,16
16608,-2153,-546,61,-70,37
16332,-2186,-437,75,-15,35
16558,-2160,-641,64,-12,95
16517,-2220,-536,1,-1,56
16484,-2185,-589,-10,-24,-1
16481,-2200,-576,15,12,61
16589,-2226,-540,33,-5,46
16421,-2163,-465,30,7,16
16468,-2137,-457,43,21,84
16590,-2212,-513,59,10,74
16405,-2185,-533,78,-28,35
16416,-2148,-504,74,-4,84
16622,-2240,-527,88,14,99
16401,-2186,-487,87,-57,8
16494,-2210,-554,80,1,101
16562,-2280,-526,84,-1,65
16431,-2250,-536,97,-25,12
16524,-2207,-573,70,-46,-5
16451,-2187,-498,40,-17,-37
16409,-2117,-510,52,8,3
16507,-2084,-539,26,28,79
16467,-2186,-474,56,-30,99
16513,-2271,-472,84,-87,52
16492,-2287,-535,70,27,39
16514,-2197,-538,31,19,0
16392,-2190,-548,13,-29,3
16530,-2180,-550,9,-51,11
16509,-2197,-487,21,-84,-16
16557,-2250,-466,38,67,9
16281,-2136,-475,-23,35,-53
16589,-2190,-501,-50,90,27
16509,-2168,-477,-25,-31,-37
16433,-2199,-506,-18,-66,2
16437,-2169,-501,9,27,26
16537,-2232,-562,15,-21,27
16424,-2223,-433,-15,-71,-14
16566,-2222,-541,-18,-1,33
16484,-2235,-432,12,-37,-42
16526,-2121,-503,11,-20,1
16368,-2108,-505,13,-110,-45
16521,-2165,-555,20,-32,83
16542,-2251,-485,24,-70,23
16445,-2209,-454,61,2,38
16512,-2266,-491,56,-15,-12
16450,-2178,-504,62,-17,-10
16426,-2141,-524,51,-11,27
16539,-2192,-547,67,37,89
16491,-2231,-498,52,-16,6
16403,-2109,-474,40,5,31
16532,-2163,-522,52,29,58
16494,-2211,-477,5,-42,43
16511,-2200,-528,36,-21,71
16499,-2233,-487,84,-28,57
16459,-2245,-492,65,-22,24
16465,-2214,-450,60,-25,-18
16497,-2135,-519,44,-47,0
16488,-2147,-449,32,-52,18
16475,-2153,-518,38,13,68
16549,-2238,-537,46,-46,53
16430,-2233,-505,35,-19,38
16571,-2255,-566,6,-55,29
16441,-2224,-485,-6,-52,-41
16477,-2123,-568,12,-16,15
16591,-2193,-479,26,-89,-10
16397,-2167,-490,25,-134,-45
16418,-2172,-459,33,10,53
16633,-2285,-525,39,-20,21
16390,-2156,-470,0,-101,-99
16463,-2095,-584,3,10,-5
16566,-2191,-543,-5,-68,-12
16405,-2150,-507,0,-13,5
16507,-2211,-500,10,10,40
16492,-2265,-489,-3,10,19
16512,-2219,-508,7,65,-4
16481,-2208,-469,-5,73,-51
16482,-2129,-541,11,50,-48
16459,-2115,-504,18,-24,-11
16450,-2123,-468,20,-43,43
16499,-2186,-536,29,-26,77
16523,-2293,-492,14,-38,55
16454,-2261,-505,31,-35,1
16433,-2193,-462,20,4,4
16500,-2169,-509,42,27,20
16472,-2145,-515,40,-19,15
16461,-2119,-455,42,-34,35
16474,-2188,-503,68,-36,59
16417,-2223,-447,74,-6,55
16510,-2200,-496,50,-7,26
16516,-2187,-488,51,4,16
16458,-2159,-503,78,-18,-2
16444,-2141,-496,50,-35,9
16476,-2177,-500,23,-10,38
16509,-2183,-503,53,-43,26
16466,-2197,-524,4,-105,1
16447,-2134,-537,-51,-173,-29
16411,-2038,-640,-116,-219,40
16516,-2227,-450,-61,-153,116
16538,-2220,-481,-5,-118,111
16514,-2242,-451,15,-134,52
16499,-2305,-472,55,27,46
16504,-2228,-492,58,83,7
16495,-2221,-518,90,106,-4
16474,-2176,-537,107,83,-21
16524,-2200,-516,106,17,23
16474,-2209,-465,114,62,-3
16501,-2220,-527,120,98,3
16493,-2214,-489,139,17,-57
16503,-2181,-505,169,11,-43
16438,-2158,-534,125,-106,-62
16442,-2172,-461,51,-36,22
16510,-2158,-566,-48,-78,73
16478,-2203,-493,-8,-3,17
16546,-2202,-525,-26,-82,-27
16479,-2184,-447,-17,-80,-42
16372,-2087,-536,-36,-57,6
16508,-2138,-547,-1,-42,11
16496,-2162,-545,20,-141,3
16458,-2162,-493,37,-178,0
16516,-2226,-506,-11,-142,-17
16475,-2174,-504,-14,38,-18
16494,-2132,-583,-51,12,8
16414,-2098,-534,-65,-7,31
16485,-2118,-517,-16,-76,67
16502,-2198,-535,-19,-111,42
16420,-2184,-512,-23,-28,57
16571,-2247,-555,-5,-63,24
16428,-2166,-543,-6,-46,14
16487,-2143,-567,55,4,69
16527,-2181,-540,35,-18,35
16477,-2183,-542,37,19,77
16436,-2227,-521,17,29,65
16546,-2218,-545,3,-23,43
16523,-2224,-498,37,-20,-6
16428,-2113,-525,45,-21,-1
16488,-2128,-505,51,30,76
16532,-2206,-562,53,29,77
16478,-2175,-517,35,36,80
16466,-2270,-555,23,95,129
16502,-2245,-540,33,10,91
16436,-2190,-474,3,23,39
16503,-2202,-590,-10,-35,46
16505,-2163,-534,18,-30,18
16545,-2177,-548,45,1,86
16578,-2231,-531,70,-55,59
16477,-2158,-543,60,-39,40
16489,-2200,-537,5,-57,58
16507,-2252,-546,19,-38,42
16402,-2239,-510,-34,-96,49
16556,-2241,-561,54,-44,-33
16510,-2173,-608,-34,-107,-46
16477,-2231,-514,33,-39,-13
16497,-2180,-577,10,13,4
16436,-2113,-572,15,-53,7
16511,-2175,-546,18,-135,1
16518,-2234,-502,28,-108,33
16466,-2213,-524,13,-58,4
16510,-2236,-560,14,-29,7
16479,-2210,-558,-1,-71,-35
16499,-2159,-604,9,-53,-26
16468,-2171,-546,-7,-125,-7
16491,-2246,-503,21,-59,6
16453,-2204,-548,25,-28,22
16497,-2257,-497,6,10,5
16489,-2196,-575,-15,34,-30
16451,-2176,-515,-29,89,5
16532,-2153,-588,17,49,18
16442,-2165,-561,16,-4,3
16466,-2179,-552,4,-36,4
16455,-2157,-579,-2,-95,-9
16446,-2165,-537,2,-115,3
16441,-2190,-581,33,-11,69
16713,-2245,-599,113,46,95
16737,-2249,-673,99,7,54
16670,-2175,-670,43,0,71
16683,-2170,-688,38,48,102
16576,-2117,-637,19,-35,33
16427,-2122,-561,63,-61,30
16526,-2190,-509,62,-49,25
16432,-2191,-453,66,46,37
16576,-2199,-585,72,59,52
16549,-2202,-579,47,8,3
16487,-2149,-579,23,-57,5
16463,-2165,-520,18,-43,37
16465,-2194,-543,12,-10,34
16452,-2207,-543,23,-23,27
16457,-2219,-542,30,-3,32
16538,-2225,-500,68,-11,31
16498,-2166,-553,81,-48,7
16465,-2198,-474,36,-64,14
16474,-2215,-528,43,5,43
16515,-2203,-560,69,31,62
16463,-2202,-499,63,-22,32
16473,-2228,-547,40,-38,16
16460,-2187,-506,53,-42,9
16515,-2187,-596,32,-6,20
16508,-2212,-575,23,-23,3
16463,-2212,-582,15,-50,-10
16517,-2166,-540,14,-58,23
16384,-2145,-451,37,-23,15
16504,-2168,-524,57,11,83
16475,-2205,-451,93,-60,25
16505,-2167,-619,98,-7,80
16675,-2208,-653,106,9,145
16701,-2188,-678,105,-6,132
16512,-2164,-548,141,-38,82
16425,-2159,-494,144,22,135
16491,-2164,-526,109,86,159
16547,-2261,-455,140,181,202
16554,-2352,-427,79,156,109
16599,-2345,-542,129,101,84
16461,-2217,-626,107,44,74
16495,-2268,-638,118,42,85
16356,-2361,-573,68,42,22
16578,-2401,-580,3,32,-24
16513,-2416,-486,-88,-66,-197
16489,-2226,-465,-152,2,-216
16545,-2083,-421,-188,-33,-264
16453,-2003,-303,-184,-145,-260
16537,-2070,-373,-178,-189,-207
16443,-2054,-506,-141,-199,-204
16447,-2140,-536,-164,-148,-110
16501,-2221,-578,-179,-127,-129
16498,-2236,-650,-240,-119,-239
16512,-2243,-600,-271,-188,-302
16453,-2233,-500,-295,-145,-340
16515,-2213,-520,-260,-107,-297
16525,-2062,-716,-240,-145,-300
16453,-2104,-566,-219,-182,-341
16399,-1975,-599,-198,-96,-256
16537,-1990,-578,-195,-73,-250
16340,-1838,-414,-156,-47,-57
16394,-1827,-371,-104,-33,83
16536,-1879,-372,-34,120,290
16496,-2167,-349,-23,123,328
16676,-2551,-472,-54,108,217
16818,-2703,-545,-189,-16,-320
16579,-2456,-444,-221,-94,-860
16427,-1983,-577,-336,-207,-1093
15837,-1641,-416,-333,-45,-869
16887,-1779,-678,-178,-203,-729
16346,-1672,-553,-138,-329,-798
16155,-1534,-659,55,-203,-433
16360,-1521,-948,131,-102,-11
16342,-1690,-806,173,34,297
16361,-1780,-615,274,130,532
16465,-1840,-579,279,193,711
16581,-2058,-529,234,148,654
16623,-2056,-526,224,99,505
16620,-2092,-459,101,111,287
16716,-2101,-525,32,72,103
16425,-1867,-601,48,5,85
16371,-1876,-609,104,3,189
16359,-1928,-537,178,42,360
16403,-1963,-726,244,142,579
16400,-1959,-651,321,190,714
16492,-2053,-522,365,211,832
16553,-2189,-497,312,202,786
16538,-2243,-379,277,125,643
16538,-2248,-339,322,-35,515
16504,-2239,-419,236,45,395
16514,-2183,-515,190,-9,348
16496,-2188,-539,179,-6,351
16458,-2339,-436,175,-3,335
16419,-2379,-463,202,99,351
16576,-2276,-515,134,29,213
16497,-2235,-378,112,-53,118
16511,-2277,-379,100,-81,123
16469,-2308,-437,101,-90,83
16398,-2230,-493,139,-8,160
16434,-2257,-611,134,-12,247
16521,-2304,-572,167,-74,253
16501,-2355,-580,176,-57,203
16505,-2339,-605,131,-82,151
16475,-2325,-510,106,-14,156
16589,-2328,-445,79,-11,132
16519,-2276,-484,78,-51,72
16392,-2165,-390,36,-95,115
16416,-2222,-358,44,-62,235
16467,-2338,-395,128,-16,312
16484,-2512,-464,164,14,288
16503,-2632,-445,166,-15,153
16519,-2637,-519,164,-17,-20
16559,-2501,-518,138,-41,-158
16400,-2318,-454,89,-106,-273
16480,-2247,-533,64,-127,-260
16456,-2217,-408,44,-100,-213
16505,-2142,-450,8,-157,-144
16446,-2232,-448,-65,-185,-143
16430,-2301,-517,-50,-180,-42
16696,-2430,-638,-85,-163,-97
16320,-2313,-555,-94,-131,-228
16378,-2347,-569,-88,-60,-204
16540,-2412,-653,-122,-4,-218
16432,-2188,-644,-65,-170,-249
16385,-2115,-556,-10,-108,-62
16626,-2520,-215,85,-94,-9
16516,-2294,-766,227,-53,-198
16248,-2317,-583,54,-141,-278
16567,-2288,-714,71,-103,-167
16529,-2189,-726,18,-197,-269
16428,-2174,-698,47,-177,-293
16499,-2202,-628,45,-92,-160
16668,-2245,-655,-11,-106,-175
16559,-2287,-528,-116,-201,-326
16568,-2234,-445,-171,-226,-446
16478,-2060,-575,-243,-223,-497
16350,-1973,-579,-227,-198,-435
16367,-1837,-651,-232,-157,-287
16420,-1895,-554,-244,-136,-134
16547,-2052,-555,-210,-121,-58
16328,-2065,-490,-232,-74,10
16443,-2103,-539,-196,-2,59
16500,-2124,-650,-134,10,66
16436,-2187,-634,-56,-2,28
16555,-2312,-613,-4,-26,-45
16481,-2283,-621,-37,-15,-186
16478,-2136,-623,-18,-5,-217
16507,-1982,-615,29,-9,-180
16498,-1978,-586,55,1,-140
16544,-2027,-681,107,21,-94
16559,-1979,-731,44,15,-108
16516,-2045,-691,27,-31,-121
16468,-2111,-725,6,-73,-96
16526,-2144,-743,-14,-72,-123
16445,-2129,-565,-24,-71,-183
16484,-2011,-629,-29,-15,-220
16503,-2005,-640,-68,-118,-305
16448,-1869,-676,-77,-143,-297
16444,-1829,-642,-81,-89,-229
16482,-1944,-648,-65,-85,-174
16430,-1891,-677,-85,-6,-105
16568,-1964,-678,-107,13,-123
16509,-1935,-587,-142,6,-175
16460,-1835,-587,-172,16,-150
16497,-1723,-581,-146,-73,-124
16467,-1704,-639,-167,-122,28
16513,-2064,-616,-183,14,106
16561,-2119,-677,-140,-27,6
16438,-2024,-701,-129,-119,-122
16418,-1908,-709,-76,-139,-162
16497,-1898,-711,-12,-57,-117
16523,-1814,-692,27,-21,-54
16513,-1850,-620,23,-73,-9
16523,-1982,-633,2,-86,-29
16483,-1887,-713,3,-99,-73
16421,-1849,-731,3,27,-26
16516,-1846,-716,20,16,28
16527,-1935,-579,5,-49,-18
16472,-1856,-530,34,-48,-24
16434,-1794,-629,33,-21,4
16369,-1742,-649,73,9,124
16518,-1957,-732,64,28,167
16505,-2022,-684,55,-12,96
16457,-1920,-714,79,38,99
16469,-1974,-649,71,89,100
16619,-1908,-694,78,60,76
16441,-1815,-595,50,-13,32
16540,-1805,-618,23,-66,55
16434,-1809,-607,14,-58,74
16519,-1909,-612,44,-23,137
16527,-1959,-690,11,-95,91
16535,-1985,-669,25,-107,54
16430,-2025,-698,11,-106,15
16465,-1977,-723,-21,-72,20
16535,-1964,-762,18,4,31
16406,-1935,-669,63,41,44
16569,-1948,-702,78,12,53
16502,-1965,-643,56,-96,-53
16426,-1876,-634,70,-7,30
16543,-1858,-680,14,-8,-1
16473,-1862,-619,36,0,19
16441,-1828,-657,41,-22,50
16522,-1917,-642,12,9,69
16444,-1950,-629,2,101,50
16532,-2015,-563,15,190,77
16491,-1912,-658,-10,14,-42
16476,-2004,-524,28,-6,-70
16611,-1895,-584,63,10,-62
16382,-1719,-652,59,-50,-93
16452,-1703,-606,152,-40,74
16571,-1724,-749,231,-80,199
16449,-1938,-789,182,-147,190
16613,-2173,-783,133,-30,207
16571,-2205,-732,-103,-64,-13
16503,-2164,-775,-124,-90,-114
16525,-2036,-868,-220,-105,-194
16537,-1894,-804,-250,-6,-242
16374,-1847,-474,-163,9,-162
16733,-1971,-614,-144,-41,-229
16550,-2009,-684,-232,-222,-532
16443,-1846,-618,-171,-126,-502
16414,-1802,-537,-138,-103,-537
16250,-1749,-669,-71,-186,-427
16331,-1745,-846,28,-35,-159
16459,-1644,-743,107,21,-39
16388,-1883,-315,153,64,57
16688,-1945,-515,124,77,-88
16562,-1832,-732,110,3,-267
16458,-1543,-889,93,-34,-266
16294,-1642,-437,150,113,46
16472,-1807,-323,217,121,79
16678,-1951,-611,277,-80,-47
16560,-1703,-948,263,-257,-271
16403,-1474,-923,147,-116,-98
16444,-1521,-767,92,42,202
16463,-1568,-702,78,24,322
16592,-1680,-710,37,3,421
16567,-1861,-684,-58,28,386
16551,-2047,-540,-48,28,303
16577,-2030,-730,-129,-43,100
16475,-1951,-791,-127,-98,-20
16462,-1933,-799,-82,-87,-64
16452,-1816,-673,15,-35,-101
16413,-1795,-547,19,-23,-66
16540,-1766,-550,100,48,-18
16416,-1551,-614,103,19,23
16474,-1583,-672,74,32,125
16589,-1933,-561,62,105,156
16623,-1977,-706,40,57,13
16427,-1807,-787,-20,51,-61
16554,-1750,-848,-86,47,-15
16568,-1780,-788,-153,43,-41
16361,-1796,-582,-102,9,-16
16559,-1796,-666,-99,-26,5
16505,-1757,-586,-90,-66,-37
16487,-1777,-564,-83,12,-43
16496,-1764,-575,-48,145,85
16491,-1755,-651,-50,111,79
16367,-1759,-557,-24,72,116
16492,-1764,-679,-31,15,158
16548,-1813,-643,-10,61,190
16400,-1861,-644,3,49,166
16493,-1904,-485,88,81,204
16400,-1833,-528,105,66,189
16436,-1858,-633,142,100,241
16628,-1918,-733,190,43,185
16447,-1944,-605,189,-50,90
16507,-1906,-702,201,31,124
16477,-1855,-548,151,72,151
16568,-1845,-606,119,106,117
16531,-1838,-504,148,71,85
16539,-1764,-510,155,21,105
16434,-1777,-493,134,21,138
16499,-1801,-554,169,93,254
16497,-1754,-572,189,51,276
16481,-1943,-555,218,69,335
16603,-2037,-619,198,32,233
16447,-2101,-526,116,44,156
16530,-2064,-619,86,50,130
16542,-1980,-636,81,27,26
16429,-1912,-564,87,-12,18
16482,-1903,-495,92,-18,60
16564,-1889,-566,162,13,123
16472,-1917,-498,130,-44,85
16478,-1966,-563,140,0,182
16570,-2014,-599,106,-40,101
16450,-1916,-557,119,-13,95
16537,-1941,-562,129,10,148
16508,-1950,-499,133,5,137
16454,-1940,-543,125,-2,152
16581,-1989,-570,68,7,184
16511,-2043,-601,69,19,110
16414,-2032,-517,33,15,42
16495,-1993,-586,40,109,124
16591,-2028,-552,48,19,80
16504,-1983,-450,57,-16,59
16538,-1972,-528,26,-94,67
16398,-1961,-527,59,-29,104
16509,-2010,-573,51,-62,133
16437,-2050,-538,18,-40,95
16519,-2103,-558,39,16,129
16652,-2116,-547,50,-10,46
16458,-1952,-494,44,-15,1
16464,-2015,-514,24,-65,-10
16536,-2019,-544,10,-61,-27
16447,-1969,-599,-8,-74,-25
16557,-2018,-624,37,16,57
16500,-2058,-595,-1,9,33
16494,-2071,-556,-7,-10,23
16564,-2059,-572,4,-70,-36
16456,-1975,-448,11,-66,-49
16528,-1953,-518,22,-65,-32
16456,-1982,-479,28,-37,-8
16448,-1981,-547,44,-52,37
16489,-1993,-551,59,-51,37
16400,-1990,-531,69,-64,55
16570,-2084,-544,62,-46,62
16497,-2069,-519,-34,-127,-25
16466,-2046,-546,-20,-50,-3
16495,-1944,-587,-14,-35,-5
16484,-2014,-501,-6,-53,12
16493,-1963,-607,4,-37,42
16508,-1996,-530,-7,-53,28
16527,-2064,-508,27,-19,38
16552,-2048,-509,15,-43,-21
16442,-1985,-545,-3,-41,-52
16514,-2013,-604,0,-75,-18
16500,-2035,-603,5,-57,-32
16408,-2044,-612,28,-15,-15
16504,-2104,-624,5,27,10
16564,-2062,-572,19,11,-37
16427,-1936,-545,11,-52,-81
16468,-1905,-507,3,12,2
16455,-1908,-522,16,-1,33
16485,-1890,-576,19,-18,93
16483,-1977,-569,9,0,96
16488,-2059,-514,-3,57,103
16457,-2010,-560,0,88,86
16545,-2043,-529,70,100,138
16510,-1954,-512,123,48,154
16407,-1941,-461,95,21,188
16504,-1982,-532,134,7,250
16589,-2120,-518,122,-62,148
16452,-2205,-533,138,-79,53
16526,-2145,-627,134,-16,46
16490,-2118,-684,109,14,28
16505,-2131,-609,58,-2,11
16505,-2112,-565,51,3,-35
16527,-2094,-485,24,62,-41
16575,-2027,-528,18,42,-71
16499,-1965,-466,19,-32,-102
16417,-1935,-486,30,-40,-90
16482,-1977,-486,20,-50,-37
16519,-2026,-536,35,-52,-43
16428,-2071,-536,19,-62,-50
16491,-2031,-526,-3,-54,-37
16570,-2018,-521,5,-68,-74
16506,-1982,-490,-53,-127,-113
16496,-1949,-497,-56,-107,-84
16494,-2021,-487,-45,-127,-80
16452,-1995,-559,-12,-119,-69
16453,-2053,-620,-7,-95,-69
16539,-2056,-615,16,-39,-25
16517,-2070,-532,4,-39,-61
16419,-1996,-516,24,-24,-90
16456,-1920,-530,35,11,-61
16462,-1818,-570,126,76,26
16452,-1879,-557,106,49,120
16547,-2022,-523,122,5,123
16561,-2075,-526,125,6,56
16500,-2078,-486,106,45,-10
16487,-2082,-565,32,14,-63
16494,-1990,-544,35,-16,-94
16494,-1955,-609,25,-37,-113
16486,-1895,-510,59,1,-42
16541,-1841,-489,30,22,17
16512,-1883,-479,59,-56,13
16468,-1955,-501,73,10,42
16318,-1917,-572,58,30,112
16649,-2068,-604,76,149,168
16487,-2071,-652,83,94,70
16502,-2079,-557,181,223,203
16645,-2090,-511,88,92,55
16400,-2014,-414,92,39,43
16489,-1865,-514,154,62,120
16440,-1919,-451,217,38,109
16340,-1887,-448,216,146,234
16560,-1935,-454,241,116,361
16575,-2015,-499,215,-22,292
16591,-2098,-477,146,-13,221
16516,-2176,-471,137,-7,178
16528,-2156,-478,183,12,79
16421,-1987,-519,57,19,85
16596,-2043,-569,86,-287,92
16433,-2034,-479,39,-143,75
16510,-2112,-453,66,-2,191
16643,-2194,-495,38,17,117
16543,-2121,-459,-60,-75,26
16571,-2122,-463,-122,-82,61
16697,-1986,-596,-243,88,-237
16332,-2132,-393,-61,-98,-26
16467,-2054,-494,-30,-59,-9
16566,-2074,-508,-27,-78,2
16540,-2123,-430,-26,-50,-106
16342,-2129,-492,-120,-18,14
16635,-2025,-595,-122,-25,-91
16455,-2045,-540,-168,-22,-129
16364,-2020,-438,-55,-33,-79
16547,-2056,-534,-70,30,22
16530,-2069,-482,-88,-27,-98
16457,-2064,-455,-71,-68,-139
16505,-1989,-515,-76,16,-98
16491,-1946,-516,-90,-43,-102
16513,-1978,-496,-70,-36,-67
16433,-1969,-489,-71,-38,-52
16477,-1994,-504,-32,-1,-34
16509,-2034,-479,-31,-37,-60
16521,-2041,-535,-10,24,-22
16465,-2023,-463,-39,15,-53
16558,-2017,-519,-62,85,7
16644,-2029,-514,-191,195,22
16457,-1981,-492,-186,136,16
16522,-2024,-453,-172,160,32
-1,-1,-1,-1,-1,-1
-1,-1,-1,-1,-1,-1
-1,-1,-1,-1,-1,-1
-1,-1,-1,-1,-1,-1
-1,-1,-1,-1,-1,-1
-1,-1,-1,-1,-1,-1
-1,-1,-1,-1,-1,-1
-1,-1,-1,-1,-1,-1
-1,-1,-1,-1,-1,-1
-1,-1,-1,-1,-1,-1
-1,-1,-1,-1,-1,-1
-1,-1,-1,-1,-1,-1
-1,-1,-1,-1,-1,-1
-1,-1,-1,-1,-1,-1
-1,-1,-1,-1,-1,-1
-1,-1,-1,-1,-1,-1
-1,-1,-1,-1,-1,-1
-1,-1,-1,-1,-1,-1
-1,-1,-1,-1,-1,-1
-1,-1,-1,-1,-1,-1
-1,-1,-1,-1,-1,-1
-1,-1,-1,-1,-1,-1
-1,-1,-1,-1,-1,-1
-1,-1,-1,-1,-1,-1
-1,-1,-1,-1,-1,-1
-1,-1,-1,-1,-1,-1
-1,-1,-1,-1,-1,-1
-1,-1,-1,-1,-1,-1
-1,-1,-1,-1,-1,-1
-1,-1,-1,-1,-1,-1
-1,-1,-1,-1,-1,-1
-1,-1,-1,-1,-1,-1
-1,-1,-1,-1,-1,-1
-1,-1,-1,-1,-1,-1
-1,-1,-1,-1,-1,-1
-1,-1,-1,-1,-1,-1
-1,-1,-1,-1,-1,-1
-1,-1,-1,-1,-1,-1
-1,-1,-1,-1,-1,-1
-1,-1,-1,-1,-1,-1
-1,-1,-1,-1,-1,-1
-1,-1,-1,-1,-1,-1
-1,-1,-1,-1,-1,-1
-1,-1,-1,-1,-1,-1
-1,-1,-1,-1,-1,-1
-1,-1,-1,-1,-1,-1
-1,-1,-1,-1,-1,-1
-1,-1,-1,-1,-1,-1
-1,-1,-1,-1,-1,-1
-1,-1,-1,-1,-1,-1
-1,-1,-1,-1,-1,-1
-1,-1,-1,-1,-1,-1
-1,-1,-1,-141,-92,229
16456,-1917,-551,-75,-14,172
16508,-1915,-578,24,-107,223
16528,-2048,-561,12,-124,246
16521,-2060,-530,44,-51,125
16450,-2094,-496,-51,-141,35
16495,-2057,-527,3,-170,-24
16505,-1983,-571,39,-116,36
16482,-2055,-437,70,-182,8
16511,-1947,-580,119,-16,54
16460,-1957,-579,120,-23,84
16559,-1926,-602,93,-154,19
16486,-2070,-560,100,-75,43
16403,-2057,-539,28,-181,-393
16647,-2097,-667,89,49,99
16471,-2090,-539,39,-6,-14
16532,-2075,-624,31,-5,13
16536,-2070,-650,-14,55,1
16467,-1997,-587,-29,-4,-41
16460,-2028,-538,4,57,0
16543,-2013,-583,18,66,-29
16486,-1970,-564,17,157,12
16551,-2000,-612,44,110,5
16457,-1979,-495,37,54,11
16500,-2011,-592,74,33,53
16534,-1985,-612,87,-75,0
16456,-1983,-625,64,-147,-23
16399,-2020,-524,57,98,81
16544,-2080,-565,111,187,138
16664,-2064,-612,66,120,94
16252,-2071,-374,-24,-16,-16
16530,-1940,-555,33,138,127
16564,-2015,-500,9,52,68
16369,-1916,-413,13,66,118
16553,-1973,-537,48,123,198
16392,-2034,-499,8,-52,39
16281,-2057,-495,-179,-385,71
16737,-2046,-776,-99,-406,43
-1,-1,-1,-1,-1,-1
-1,-1,-1,-1,-1,-1
-1,-1,-1,-1,-1,-1
-1,-1,-1,-1,-1,-1
-1,-1,-1,-1,-1,-1
-1,-1,-1,-1,-1,-1
-1,-1,-1,-1,-1,-1
16574,-1991,-645,-25,-144,110
16443,-1937,-593,63,-98,109
16444,-1985,-645,63,-51,174
16507,-2077,-716,93,-125,184
16450,-2120,-683,77,-88,71
16329,-2133,-619,100,8,240
16697,-2154,-752,4,22,270
16448,-2277,-642,-222,3,138
16350,-2154,-646,-46,-53,185
16523,-2235,-655,-9,58,209
16484,-2189,-622,3,8,115
16394,-2064,-672,28,-92,91
16457,-2072,-676,58,-83,117
16525,-2105,-625,88,-74,160
16531,-2151,-624,108,-77,157
16447,-2152,-562,52,-78,120
16456,-2144,-648,80,127,142
16540,-2188,-717,56,140,144
16452,-2158,-654,36,-43,104
16495,-2173,-687,77,-13,115
16430,-2192,-636,87,10,95
16482,-2169,-714,89,32,111
16544,-2206,-698,121,-32,39
16495,-2206,-606,104,76,108
16443,-2200,-662,131,71,67
16485,-2191,-640,108,87,68
16439,-2192,-637,159,171,74
16464,-2170,-630,172,171,74
16474,-2238,-476,224,-65,-125
16464,-2207,-621,227,5,-105
16437,-2227,-547,245,-135,-248
16557,-2184,-655,207,46,-90
16487,-2167,-606,172,82,-83
16532,-2162,-613,141,57,-101
16477,-2127,-607,122,86,82
16515,-2178,-591,87,61,60
16514,-2185,-637,94,-51,64
16579,-2147,-719,273,-154,34
16389,-2193,-533,6,-90,-72
16620,-2217,-583,-4,-51,-66
16478,-2151,-597,-82,28,3
16515,-2111,-636,-56,3,39
16530,-2197,-522,-42,-63,28
16495,-2202,-540,-44,38,47
16450,-2137,-573,4,53,15
16485,-2132,-609,-12,9,15
16517,-2162,-634,21,-38,-14
16370,-2159,-541,66,-11,14
16498,-2144,-636,73,48,54
16523,-2198,-608,45,-47,17
16504,-2164,-576,75,-22,-25
16554,-2188,-633,77,39,27
16456,-2183,-572,75,36,4
16483,-2156,-595,56,6,3
16481,-2208,-577,23,-20,-42
16503,-2169,-533,39,72,-1
16499,-2162,-557,24,57,-16
16534,-2149,-556,-15,-5,-32
16480,-2144,-553,37,10,-68
16423,-2158,-518,29,67,-47
16541,-2123,-546,-8,112,-37
16523,-2112,-554,16,127,-62
16457,-2177,-559,7,87,-66
16517,-2121,-554,-26,65,-76
16541,-2152,-565,-73,46,-114
16494,-2087,-602,-74,22,-104
16472,-2122,-630,-49,16,-125
16482,-2165,-577,-57,-88,-238
16468,-2101,-559,-43,-40,-147
16562,-2134,-518,-88,-66,-198
16558,-2123,-534,-76,-112,-277
16478,-1970,-508,-53,-147,-267
16552,-2033,-485,-72,-118,-210
16476,-2076,-456,-70,-76,-265
16448,-1970,-580,-57,-67,-210
16600,-1970,-643,-6,-68,-156
16407,-2018,-532,-37,-113,-232
16459,-1983,-576,-28,-42,-141
16608,-1966,-635,-30,-20,-58
16484,-1972,-578,-50,-102,-109
16510,-1959,-650,-9,-107,-52
16479,-2052,-538,-44,-116,-138
16490,-2015,-593,-46,-73,-133
16473,-1965,-617,-102,-103,-161
16477,-1908,-605,-102,-155,-157
16505,-1913,-564,-75,-130,-130
16413,-1908,-539,-58,-43,-71
16509,-1910,-616,-5,59,-5
16558,-1979,-629,-22,-81,-80
16455,-1993,-588,-42,-152,-110
16547,-1950,-635,-34,-49,-61
16545,-1972,-580,-43,-67,-143
16493,-1872,-610,-61,-89,-140
16521,-1856,-605,-55,-71,-93
16529,-1903,-607,-6,-34,-66
16480,-1862,-677,18,-51,-44
16406,-1819,-718,-58,-299,-23
16631,-2073,-607,-11,-185,-5
16537,-2037,-550,40,81,-31
16457,-1864,-640,-12,121,-22
16513,-1847,-630,-8,124,-4
16490,-1807,-660,-9,25,-3
16591,-1965,-614,-40,-73,-12
16625,-1945,-597,-105,53,48
16378,-1892,-631,-160,256,20
16353,-1826,-554,-45,87,-43
16469,-1814,-590,-20,58,36
16421,-1834,-567,8,-4,13
16416,-1871,-535,118,111,73
16603,-1922,-532,83,129,98
16609,-1946,-634,-22,54,90
16450,-1867,-576,7,-91,27
16540,-1880,-575,2,-36,80
16459,-1966,-524,65,-37,25
16471,-1868,-605,101,-34,28
16650,-2020,-577,101,-67,-4
16472,-1918,-535,117,-78,-65
16409,-1841,-606,124,-3,-32
16518,-1841,-572,202,49,14
16402,-1883,-592,54,74,62
16565,-1861,-617,72,89,119
16479,-1908,-552,37,-20,-8
16511,-1945,-552,50,-19,91
16483,-1886,-573,-29,-75,48
16508,-1933,-592,-8,-3,90
16540,-1933,-576,-18,-72,13
16473,-1928,-554,13,-105,-11
16477,-1941,-601,3,-102,6
16437,-1854,-595,-4,-32,44
16516,-1836,-589,19,-50,87
16516,-1902,-518,38,-68,100
16552,-1954,-607,70,32,131
16524,-1942,-630,-9,-43,95
16486,-1927,-590,-26,-155,27
16497,-1925,-590,-62,-169,40
16498,-1933,-583,4,-75,8
16488,-1929,-622,-14,-47,40
16545,-1917,-628,4,-60,47
16557,-1967,-583,15,-105,51
16605,-1988,-617,3,-164,-43
16550,-1878,-707,-106,-103,20
16476,-2020,-567,-107,-29,-4
16522,-1878,-594,-28,37,11
-1,-1,-1,-1,-1,-1
16491,-1949,-515,-185,-95,24
16587,-1993,-639,-579,-972,-54
16324,-1952,-451,39,-30,103
16446,-1777,-692,37,166,-113
16570,-1923,-736,8,-71,240
16418,-1963,-584,-100,-191,135
16541,-2003,-699,-49,-478,118
16469,-1936,-688,-122,-321,114
16515,-1987,-677,-66,-162,61
16456,-1900,-720,-136,-300,83
16457,-1882,-751,19,-196,11
16524,-1975,-644,-12,-182,8
16507,-1948,-701,-20,-343,29
16465,-2004,-677,-19,-370,49
16439,-1899,-829,-9,-269,-8
-1,-1,-1,-1,-1,-1
-1,-1,-1,-1,-1,-1
-1,-1,-1,-1,-1,-1
-1,-1,-1,-1,-1,-1
-1,-1,-1,-1,-1,-1
-1,-1,-1,-1,-1,-1
-1,-1,-1,-1,-1,-1
-1,-1,-1,-1,-1,-1
-1,-1,-1,-1,-1,-1
-1,-1,-1,-1,-1,-1
-1,-1,-1,-1,-1,-1
-1,-1,-1,-1,-1,-1
-1,-1,-1,-1,-1,-1
16541,-1995,-815,1,-264,-42
16647,-2094,-781,0,-342,-117
16538,-2037,-817,87,-90,-94
16423,-1929,-852,95,-8,-22
16460,-1954,-813,80,51,57
16572,-1943,-903,28,-52,-6
16344,-1895,-817,25,-63,31
16404,-1937,-832,141,-44,135
16605,-2091,-784,237,71,181
16598,-2063,-822,206,4,108
16435,-1951,-834,144,-111,39
16315,-1967,-743,161,-5,109
-1,-1,-1,-1,-1,-1
16513,-1950,-828,209,-99,45
16458,-2112,-671,440,40,331
16622,-2157,-768,285,243,133
16583,-2095,-794,117,86,22
16340,-1975,-746,36,-34,3
16587,-2027,-822,10,-13,20
16369,-1890,-856,77,-134,10
16431,-1960,-829,175,-3,83
16524,-2082,-817,190,59,117
16434,-2056,-779,151,20,129
16572,-2086,-806,160,-11,99
16460,-2059,-780,140,-7,63
16462,-2098,-681,51,33,49
16485,-1943,-856,-23,-51,-26
16439,-1997,-736,87,-119,-9
16435,-2029,-768,138,-20,76
16465,-2065,-739,158,35,102
16754,-2206,-785,193,-18,65
16470,-2192,-648,214,-91,-21
16405,-2091,-752,61,-41,-85
16413,-1936,-841,76,-35,-3
16430,-1798,-926,164,9,57
16416,-1846,-830,307,56,148
16426,-2007,-778,415,25,239
16516,-2233,-741,407,33,213
16510,-2195,-751,251,19,75
16506,-2092,-716,135,35,49
16503,-2066,-765,102,14,92
16473,-2013,-769,92,-14,121
16531,-2274,-601,223,-151,149
16509,-2119,-790,79,-103,35
16508,-2091,-778,105,-32,26
16420,-2058,-735,24,-105,-14
16447,-2061,-779,66,-4,49
16586,-2057,-785,135,78,122
16492,-2192,-681,90,-64,57
16486,-2161,-749,40,-8,38
16366,-2049,-755,12,-99,18
16548,-2039,-858,52,-43,-10
16365,-2024,-790,9,-45,-21
16502,-2120,-779,53,1,83
16567,-2159,-816,24,-10,24
16493,-2117,-734,33,-33,-34
16420,-2073,-729,7,-73,-12
16490,-2126,-754,-11,-61,-24
16411,-2006,-778,-25,-76,-45
16598,-2117,-820,99,72,17
16437,-2084,-701,101,-19,-11
16473,-2116,-788,67,-10,5
16555,-2151,-817,25,22,-50
16398,-2008,-773,33,-32,-61
16491,-2060,-776,86,-43,-38
16388,-2016,-744,141,-28,22
16489,-2069,-761,82,-3,41
16511,-2034,-793,32,-22,54
16467,-2093,-767,49,-107,11
16417,-2076,-752,48,-112,35
16253,-1962,-750,145,96,274
16707,-2140,-835,230,117,251
16344,-2047,-738,46,-142,212
16569,-2185,-733,214,96,221
16640,-2314,-753,102,-44,84
16498,-2242,-681,18,-165,-55
16497,-2147,-766,-30,-106,-129
16397,-2057,-779,-100,-112,-133
16386,-2014,-769,-53,-104,-53
16454,-2055,-794,-11,-23,15
16479,-2089,-781,90,16,55
16563,-2114,-788,75,-18,36
16515,-2173,-741,41,-146,-24
16511,-2156,-750,7,-163,-23
16470,-2113,-773,-60,-192,-63
16431,-2059,-805,-90,-171,-51
16418,-2043,-837,-49,-72,22
16460,-2042,-827,34,-28,73
16486,-2080,-775,76,-13,73
16445,-2105,-787,92,-30,69
16479,-2076,-762,97,14,84
16476,-2096,-779,110,38,104
16462,-2170,-785,108,98,94
16498,-2141,-760,115,48,86
16505,-2209,-747,88,17,50
16481,-2160,-760,43,-31,19
16444,-2070,-814,22,11,46
16531,-2126,-805,9,-46,48
16369,-2104,-712,34,10,63
16504,-2098,-819,82,68,116
16549,-2167,-769,89,74,107
16494,-2099,-784,77,44,119
16468,-2061,-780,102,25,113
16464,-2153,-702,116,18,98
16468,-2055,-773,160,53,103
16506,-2162,-719,137,16,131
16421,-2176,-757,144,45,118
16446,-2192,-767,134,148,128
16427,-2227,-753,215,295,136
16481,-2235,-724,227,163,220
16591,-2233,-767,144,127,123
16426,-2133,-677,99,57,104
16455,-2157,-744,89,62,96
16466,-2140,-695,105,54,103
16486,-2203,-694,135,5,97
16477,-2168,-691,159,19,99
16541,-2237,-722,102,-28,70
16420,-2186,-684,77,43,75
16430,-2187,-739,127,29,110
16494,-2241,-719,106,-16,96
16457,-2192,-717,17,-50,133
16448,-2222,-681,96,50,164
16590,-2327,-659,139,-28,114
16475,-2250,-668,98,-68,28
16538,-2201,-755,52,-120,17
16474,-2242,-649,36,-136,-12
16370,-2181,-714,92,-44,16
16538,-2161,-760,89,-43,60
16528,-2292,-681,33,-171,37
16458,-2227,-738,58,-191,-3
16458,-2258,-741,71,-49,37
16476,-2268,-711,14,-137,-18
16533,-2185,-778,-7,-158,5
16512,-2166,-751,-21,-197,-20
16401,-2158,-749,-43,-226,50
16485,-2271,-687,-60,-176,56
16423,-2255,-728,13,-106,37
16445,-2237,-801,-5,-128,33
16604,-2338,-700,15,-154,-100
-1,-1,-1,-1,-1,-1
-1,-1,-1,-1,-1,-1
16463,-2159,-825,84,-73,-460
16395,-2101,-773,18,-195,-291
16486,-2083,-852,80,-140,-143
16491,-2155,-801,193,-100,-321
16495,-2080,-805,301,-85,-453
16492,-2078,-774,69,-95,-182
16428,-2026,-802,50,19,-163
16415,-2041,-822,-12,-87,8
16461,-2081,-862,115,89,-109
16429,-2063,-825,65,40,30
16341,-2090,-722,57,-28,1
16232,-1823,-918,54,94,623
16307,-1859,-898,-314,-413,761
16567,-2234,-754,422,150,529
16746,-2236,-957,279,29,772
16401,-2365,-776,197,1,605
16599,-2644,-785,326,406,245
16753,-2543,-862,-21,161,212
16463,-2409,-685,-337,-530,-50
16316,-2046,-784,-388,28,-523
16459,-2072,-776,-248,-309,-183
16385,-2034,-855,-254,-290,-130
16543,-2180,-806,130,-98,-149
16340,-2229,-681,160,-163,-196
16514,-2278,-782,16,164,-145
16629,-2261,-858,67,136,-174
16492,-2171,-876,-6,-47,-161
16287,-2172,-777,-198,3,-87
16547,-2244,-786,4,28,-61
16607,-2152,-956,7,210,-181
16462,-2161,-740,15,83,-199
16731,-2213,-855,33,92,-128
16724,-2262,-821,-93,-13,-175
16327,-2019,-823,3,-133,-63
16484,-1980,-844,-9,-145,17
-1,-1,-1,-1,-1,-1
-1,-1,-1,-1,-1,-1
-1,-1,-1,-1,-1,-1
-1,-1,-1,-1,-1,-1
16697,-1941,-1144,-464,-1049,491
16670,-1978,-1094,-291,117,-285
16696,-2117,-1020,178,642,-438
16424,-2147,-806,-189,591,-395
16464,-2045,-836,-456,1185,-203
16460,-1906,-830,-406,1590,-123
16472,-1934,-707,-190,1546,-151
16370,-1958,-638,-252,1459,23
16462,-2011,-521,-114,1224,113
16611,-2092,-495,-124,1141,140
16522,-2018,-534,-248,775,79
16489,-2004,-398,-289,866,5
16575,-2014,-391,-212,535,96
16620,-2100,-358,-204,342,17
16502,-2047,-395,-145,239,-61
16418,-2085,-334,-163,165,-75
16566,-2091,-337,-114,99,-29
16495,-2017,-353,-156,-81,-52
16435,-1989,-387,-136,-83,29
16508,-1860,-502,-109,53,-97
16331,-1845,-426,-126,-185,-98
16537,-1956,-411,-68,-184,-68
16434,-1929,-355,-150,-395,-132
16341,-1881,-364,-99,-431,26
-1,-1,-1,-1,-1,-1
-1,-1,-1,-1,-1,-1
-1,-1,-1,-1,-1,-1
-1,-1,-1,-1,-1,-1
-1,-1,-1,-1,-1,-1
-1,-1,-1,-1,-1,-1
-1,-1,-1,-1,-1,-1
-1,-1,-1,-1,-1,-1
-1,-1,-1,-1,-1,-1
-1,-1,-1,-1,-1,-1
-1,-1,-1,-1,-1,-1
-1,-1,-1,-1,-1,-1
-1,-1,-1,-1,-1,-1
-1,-1,-1,-1,-1,-1
-1,-1,-1,-1,-1,-1
-1,-1,-1,-1,-1,-1
-1,-1,-1,-1,-1,-1
-1,-1,-1,-1,-1,-1
-1,-1,-1,-1,-1,-1
-1,-1,-1,-1,-1,-1
-1,-1,-1,-1,-1,-1
-1,-1,-1,-1,-1,-1
-1,-1,-1,-1,-1,-1
-1,-1,-1,-1,-1,-1
-1,-1,-1,-1,-1,-1
-1,-1,-1,-1,-1,-1
-1,-1,-1,-1,-1,-1
-1,-1,-1,-1,-1,-1
-1,-1,-1,-1,-1,-1
-1,-1,-1,-1,-1,-1
-1,-1,-1,-1,-1,-1
-1,-1,-1,-1,-1,-1
-1,-1,-1,-1,-1,-1
-1,-1,-1,-1,-1,-1
-1,-1,-1,-1,-1,-1
-1,-1,-1,-1,-1,-1
-1,-1,-1,-1,-1,-1
-1,-1,-1,-1,-1,-1
-1,-1,-1,-1,-1,-1
-1,-1,-1,-1,-1,-1
-1,-1,-1,-1,-1,-1
-1,-1,-1,-1,-1,-1
-1,-1,-1,-1,-1,-1
-1,-1,-1,-1,-1,-1
-1,-1,-1,-1,-1,-1
-1,-1,-1,-1,-1,-1
-1,-1,-1,-1,-1,-1
-1,-1,-1,-1,-1,-1
-1,-1,-1,-1,-1,-1
-1,-1,-1,-1,-1,-1
-1,-1,-1,-1,-1,-1
16489,-2128,-712,124,-375,-22
16521,-2097,-759,95,-37,-55
16476,-2120,-764,-1,-1,-1
-1,-1,-1,-1,-1,-1
-1,-1,-1,-1,-1,-1
-1,-1,-1,-1,-1,-1
-1,-1,-1,-1,-1,-1
-1,-1,-1,-1,-1,-1
-1,-1,-1,-1,-1,-1
-1,-1,-1,42,-193,320
16516,-2199,-708,118,-79,241
16500,-2187,-749,125,-92,302
16436,-2193,-720,143,49,192
16463,-2257,-656,181,-236,244
16407,-2237,-686,199,-272,273
16543,-2209,-868,167,127,192
16589,-2275,-767,52,97,89
16535,-2238,-697,47,68,37
16482,-2265,-691,90,129,-28
16597,-2283,-754,44,136,-130
16456,-2211,-726,-59,94,-192
16436,-2191,-694,-69,257,-111
16456,-2112,-663,-4,150,-61
16464,-2157,-694,95,-42,-8
16430,-2213,-664,87,-69,13
16460,-2219,-696,63,-15,88
16484,-2194,-734,51,38,71
16505,-2208,-722,104,22,29
16535,-2241,-686,160,165,-30
16502,-2194,-692,62,53,-73
16502,-2213,-637,35,101,-105
16484,-2176,-703,-19,14,-123
16477,-2137,-691,12,120,-116
16424,-2156,-666,0,24,-61
16373,-2167,-620,-22,9,-14
16459,-2144,-677,-18,-59,104
16433,-2142,-628,15,-114,165
16565,-2209,-704,40,-32,177
16506,-2215,-640,-43,-80,100
16393,-2178,-638,-86,7,73
16502,-2201,-649,-38,177,38
16424,-2171,-618,26,70,98
16493,-2203,-625,53,89,113
16541,-2245,-643,80,84,63
16452,-2206,-623,40,19,17
16446,-2242,-653,103,37,54
16493,-2226,-639,91,46,-4
16476,-2234,-634,62,41,-7
-1,-1,-1,36,32,0
-1,-1,-1,31,94,6
-1,-1,-1,-1,-1,-1
-1,-1,-1,-1,-1,-1
-1,-1,-1,-1,-1,-1
-1,-1,-1,-1,-1,-1
-1,-1,-1,-1,-1,-1
-1,-1,-1,-1,-1,-1
-1,-1,-1,-1,-1,-1
-1,-1,-1,-1,-1,-1
-1,-1,-1,-1,-1,-1
-1,-1,-1,-1,-1,-1
-1,-1,-1,-1,-1,-1
-1,-1,-1,-1,-1,-1
-1,-1,-1,-1,-1,-1
-1,-1,-1,-1,-1,-1
-1,-1,-1,-1,-1,-1
-1,-1,-1,-1,-1,-1
-1,-1,-1,-1,-1,-1
16441,-2200,-646,95,-199,51
16413,-2161,-631,54,-117,136
16496,-2226,-619,117,-98,162
16467,-2219,-623,140,-152,188
16676,-2311,-695,105,0,89
16518,-2304,-598,-2,74,-119
16421,-2229,-641,9,133,-144
16493,-2236,-598,35,83,-168
16426,-2184,-571,90,137,-172
16518,-2228,-627,144,57,-91
16486,-2214,-651,165,3,-196
16437,-2172,-593,238,-31,-168
16512,-2206,-580,211,19,-149
16485,-2182,-651,83,19,-137
16465,-2075,-677,8,-16,-139
16426,-2051,-615,69,-64,-123
16431,-2103,-557,54,-3,15
16479,-2125,-587,58,19,92
16492,-2146,-614,25,-40,98
16404,-2115,-593,17,-80,95
16468,-2138,-580,-3,-106,190
16554,-2178,-631,-16,-144,214
16493,-2191,-562,-17,-183,200
16418,-2194,-613,44,-47,200
16552,-2240,-652,16,11,134
16463,-2209,-590,-30,-32,94
16596,-2264,-691,39,-2,23
16521,-2253,-629,10,-96,-63
16400,-2203,-609,-34,-94,-59
16444,-2196,-633,69,98,12
16520,-2205,-661,72,59,48
16512,-2228,-648,37,-27,6
16491,-2240,-654,58,13,-11
16477,-2219,-587,43,18,9
16507,-2191,-595,-4,-27,3
16479,-2178,-621,57,4,41
16553,-2228,-622,62,40,18
16417,-2176,-661,-11,-47,-12
16459,-2184,-606,54,55,49
16487,-2192,-629,8,-86,88
16455,-2158,-613,23,-109,86
16469,-2197,-652,22,-56,96
16491,-2193,-644,-32,-77,57
16516,-2245,-599,25,-34,38
16476,-2214,-577,18,-136,19
16378,-2197,-590,20,-112,50
16572,-2206,-638,75,-7,83
16509,-2251,-645,16,-63,-16
16423,-2218,-621,47,45,-49
16491,-2240,-623,72,35,-47
16406,-2194,-583,67,-5,17
16484,-2205,-636,60,-20,78
16504,-2189,-651,53,-23,45
16521,-2235,-670,45,-31,-36
16447,-2167,-634,8,-54,-44
16408,-2147,-627,-8,-65,21
16444,-2182,-650,21,-75,71
16483,-2211,-608,10,-57,129
16434,-2178,-644,-20,-126,137
16500,-2194,-622,-26,-10,116
16553,-2212,-668,-48,-56,94
16514,-2252,-590,1,-100,40
16525,-2225,-638,-54,-151,15
16408,-2220,-604,-16,-140,37
16454,-2234,-634,66,51,66
16512,-2218,-624,29,-26,93
16482,-2263,-680,64,-1,45
16469,-2252,-620,80,0,12
16513,-2259,-692,34,-133,-13
16471,-2234,-655,-11,-141,-52
16465,-2255,-732,8,-94,-136
16429,-2237,-591,53,-10,-45
16473,-2171,-663,19,-14,-4
16453,-2153,-683,36,-81,46
16469,-2195,-629,88,20,60
16475,-2225,-669,25,-90,68
16447,-2189,-665,14,-23,113
16531,-2241,-716,71,40,88
16484,-2227,-665,-2,-90,32
16411,-2232,-654,-11,-123,34
16505,-2247,-636,41,1,115
16526,-2260,-709,-25,-107,74
16412,-2181,-661,-35,-103,55
16479,-2226,-628,48,-9,76
16470,-2265,-687,13,-99,32
16424,-2245,-686,9,-8,86
16497,-2285,-694,6,-86,130
16417,-2236,-665,25,-201,116
16413,-2243,-638,74,-142,180
16551,-2277,-679,57,-142,172
16515,-2276,-695,-24,-168,128
16416,-2303,-637,22,-63,108
16531,-2299,-707,48,-55,113
16479,-2312,-692,70,9,55
16567,-2314,-676,81,156,-41
16584,-2344,-676,-12,137,-178
16344,-2215,-638,-74,44,-219
16340,-2213,-681,32,77,-6
16461,-2215,-710,56,30,82
16528,-2225,-760,0,-5,192
16520,-2263,-724,-48,8,33
16398,-2210,-632,-48,0,104
16497,-2228,-704,-25,-31,301
16500,-2248,-664,-43,-98,299
16589,-2319,-697,-163,-24,86
16485,-2359,-642,25,119,-28
16401,-2309,-634,-19,75,-40
16347,-2314,-579,-4,-59,38
16518,-2314,-688,97,86,173
16636,-2457,-617,305,43,16
16296,-2203,-748,2,-53,-5
16491,-2304,-704,61,19,51
16471,-2317,-672,79,14,64
16373,-2241,-644,42,26,98
16542,-2316,-671,54,31,150
16501,-2323,-670,28,-52,101
16423,-2284,-628,50,48,84
16418,-2290,-595,48,27,113
16545,-2356,-634,78,60,111
16494,-2366,-630,55,-61,67
16426,-2358,-595,24,-16,47
16413,-2300,-632,31,-21,113
16470,-2341,-674,99,127,161
16545,-2373,-667,102,24,123
16497,-2369,-576,47,-24,72
16528,-2406,-671,9,-43,29
16432,-2324,-636,1,-44,40
16504,-2332,-674,30,-62,45
16471,-2314,-625,26,-106,27
16428,-2320,-656,38,-77,21
16477,-2332,-647,50,-22,69
16495,-2378,-682,2,-14,49
16456,-2350,-655,22,89,29
16419,-2364,-626,1,37,51
16547,-2366,-655,52,81,73
16489,-2306,-660,-13,-55,22
16349,-2312,-624,-35,56,108
16498,-2313,-705,-183,-21,230
16377,-2396,-654,-109,58,133
16575,-2485,-650,150,146,226
16477,-2454,-565,-154,4,-135
16428,-2398,-609,-109,-14,15
16473,-2203,-814,-180,-99,-39
16411,-2347,-632,-2,-59,7
16525,-2441,-580,31,26,-27
16479,-2467,-648,-56,40,-117
16464,-2422,-546,1,117,-128
16440,-2307,-584,-35,49,-128
16462,-2331,-600,12,-22,-48
16461,-2361,-568,23,8,-4
16425,-2374,-554,45,-29,40
16492,-2347,-657,37,27,31
16509,-2356,-597,29,-19,16
16471,-2395,-554,57,-33,-5
16495,-2494,-508,262,124,-14
16422,-2317,-621,23,194,-78
16478,-2332,-616,62,129,7
16435,-2379,-525,168,190,-18
16418,-2260,-606,127,199,-3
16482,-2297,-544,137,183,8
16521,-2361,-532,383,-252,194
16355,-2197,-573,70,178,186
16622,-2371,-583,96,34,250
16443,-2360,-505,110,-210,162
16454,-2397,-499,149,10,200
16553,-2442,-576,126,-33,131
16487,-2419,-558,133,-135,110
16383,-2323,-580,64,50,123
16483,-2406,-552,68,92,147
16504,-2430,-557,98,108,89
16403,-2378,-551,98,107,85
16531,-2469,-543,79,92,84
16476,-2459,-499,71,112,72
16488,-2418,-515,78,67,45
16469,-2417,-452,25,-43,1
16410,-2408,-536,112,53,31
16467,-2435,-559,177,263,98
16533,-2440,-458,171,167,65
16454,-2435,-481,182,109,75
16490,-2388,-510,298,-21,157
16468,-2420,-518,334,-165,91
16511,-2457,-489,176,-223,33
16476,-2448,-494,135,-106,-35
16472,-2519,-408,277,-150,21
16656,-2525,-592,267,-1051,-93
16428,-2380,-582,226,-931,-224
16479,-2484,-543,77,-767,-160
16299,-2427,-567,-200,-916,-91
16666,-2582,-753,70,683,1090
16418,-2437,-706,-293,-77,6
16404,-2299,-661,-38,96,93
16481,-2320,-691,75,-2,-36
16454,-2439,-591,205,16,74
16450,-2522,-574,199,58,147
16578,-2540,-651,88,-22,75
16353,-2457,-625,20,-22,12
16442,-2429,-613,152,21,77
16469,-2428,-605,296,3,55
16424,-2475,-585,297,65,103
16478,-2492,-603,164,-3,71
16535,-2509,-626,124,56,27
16474,-2456,-636,122,14,-53
16505,-2453,-637,91,-105,-35
16502,-2464,-646,45,-227,-110
16301,-2442,-623,32,-132,-56
16455,-2434,-610,26,-81,29
16545,-2432,-650,-37,-198,-18
16365,-2468,-582,-73,-220,-23
16468,-2461,-640,25,-112,62
16467,-2492,-635,123,-70,-20
16455,-2475,-648,152,-46,-30
16402,-2368,-672,164,-51,-36
16469,-2440,-682,160,28,39
16502,-2477,-694,163,-56,36
16420,-2488,-645,147,-121,75
16509,-2467,-691,102,7,-1
16457,-2465,-632,76,-97,43
16484,-2447,-666,147,-27,-31
16359,-2421,-614,111,-73,0
16474,-2420,-667,98,20,60
16415,-2452,-649,172,1,54
16462,-2472,-687,200,27,100
16466,-2442,-676,106,-44,47
16465,-2522,-595,44,-3,123
16525,-2505,-660,106,126,-63
16340,-2433,-697,38,-63,33
16611,-2520,-707,69,-12,53
16439,-2464,-710,56,1,-69
16364,-2540,-595,50,2,-26
16438,-2503,-677,80,394,151
16560,-2493,-501,-2,220,-25
16393,-2451,-412,-40,68,17
16308,-2357,-566,578,54,-23
16108,-2210,-604,247,388,379
16668,-2491,-708,477,200,221
16489,-2586,-668,481,-44,178
16492,-2668,-566,419,27,129
16519,-2705,-489,215,34,22
16469,-2554,-534,167,106,-108
16499,-2415,-550,55,58,-58
16435,-2339,-526,69,13,-82
16473,-2403,-552,122,-69,12
16470,-2470,-524,237,2,37
16538,-2606,-526,219,-40,91
16396,-2465,-457,62,-97,116
16494,-2489,-547,95,-14,107
16515,-2469,-577,108,13,61
16429,-2448,-619,115,-113,83
16742,-2706,-411,144,-71,69
16514,-2570,-537,15,-164,-181
16207,-2398,-487,-106,-103,-62
16486,-2361,-616,-5,35,28
16409,-2457,-506,86,3,-4
16399,-2395,-610,129,73,48
16500,-2526,-636,214,17,55
16446,-2618,-580,204,-210,-3
16425,-2651,-572,86,-45,28
16533,-2597,-601,-86,-81,-69
16494,-2473,-583,-173,-133,-118
16387,-2387,-545,-130,-98,-72
16467,-2392,-558,-56,-129,-108
16467,-2374,-560,4,-122,-92
16436,-2416,-581,59,-197,-66
16469,-2488,-586,71,-245,-89
16476,-2528,-613,62,-202,-65
16496,-2584,-577,-29,-160,-32
16376,-2437,-568,-86,-134,-66
16560,-2442,-635,-39,-105,-49
16459,-2399,-579,-29,-169,-73
16327,-2355,-593,11,-108,-29
16461,-2429,-647,83,-33,37
16534,-2511,-654,99,-42,-4
16462,-2550,-611,49,-110,-50
16472,-2502,-543,-8,-201,-37
16350,-2306,-722,-93,-166,-71
16483,-2368,-627,34,25,21
16454,-2386,-669,64,-43,16
16406,-2518,-680,86,-76,20
16502,-2575,-670,55,11,80
16596,-2730,-641,-105,-12,36
16324,-2457,-670,-200,-13,79
16484,-2362,-652,-47,-16,54
16477,-2384,-572,90,-69,17
16372,-2264,-590,175,-77,42
16447,-2290,-650,129,-22,78
16451,-2448,-646,203,31,127
16458,-2460,-665,234,51,124
16512,-2551,-702,200,50,118
16498,-2561,-679,130,-17,55
16417,-2529,-702,45,-14,46
16470,-2535,-606,7,16,19
16486,-2493,-595,-35,-18,9
16442,-2401,-717,-54,-67,0
16415,-2483,-683,-12,-107,11
16429,-2566,-654,24,-31,125
16467,-2667,-673,-136,-152,-44
16308,-2510,-588,-159,-209,34
16601,-2484,-622,67,-300,-133
16496,-2347,-548,17,-227,-62
16456,-2327,-537,59,-129,-48
16417,-2291,-576,120,0,5
16376,-2291,-656,180,432,122
16475,-2395,-770,276,305,175
16385,-2428,-769,375,212,141
16488,-2614,-739,408,197,183
16449,-2661,-619,233,187,146
16519,-2689,-634,115,103,90
16477,-2609,-569,-40,-8,-27
16449,-2444,-624,-77,-81,0
16359,-2417,-614,-3,-37,39
16412,-2436,-519,104,53,130
16482,-2494,-562,113,136,164
16554,-2516,-605,97,107,115
16536,-2481,-560,26,-82,31
16536,-2505,-583,-35,-191,-88
16457,-2552,-613,-6,-180,-119
16445,-2551,-608,-51,-105,-171
16505,-2624,-604,-34,-12,-210
16581,-2619,-617,105,-111,-271
-1,-1,-1,-1,-1,-1
16389,-2351,-602,-64,-168,-354
16341,-2275,-587,22,6,-295
16672,-2421,-522,239,412,-201
16509,-2374,-535,227,148,-312
16349,-2406,-607,218,18,-293
16439,-2458,-639,212,202,-247
16434,-2392,-625,111,144,-229
16416,-2256,-635,216,208,-163
16378,-2159,-558,106,120,-98
16366,-2147,-569,96,10,13
16400,-2220,-510,127,23,79
16496,-2232,-553,166,56,92
16451,-2289,-471,214,173,152
16519,-2444,-387,142,189,238
16591,-2539,-473,93,114,107
16609,-2536,-554,19,13,10
16431,-2333,-549,-46,-29,-26
16414,-2303,-521,18,-17,27
16531,-2362,-516,61,3,24
16497,-2381,-436,32,-87,-22
16532,-2370,-498,-20,-138,-62
16331,-2322,-512,-52,-113,-55
16475,-2297,-500,23,66,63
16497,-2354,-517,72,79,71
16474,-2366,-478,106,80,74
16557,-2384,-528,41,-12,49
16514,-2402,-470,-25,-85,27
16397,-2326,-488,-9,-79,-2
16520,-2354,-514,43,-44,45
16432,-2330,-485,29,-67,24
16446,-2317,-510,67,-68,81
16495,-2367,-505,27,-85,77
16473,-2428,-496,61,-8,104
16432,-2377,-488,34,-26,69
16572,-2439,-489,63,-63,49
16397,-2313,-549,21,-86,10
16518,-2410,-461,61,-94,46
16623,-2557,-445,8,-102,-15
16403,-2382,-534,-155,-211,-125
16293,-2223,-591,-58,-28,54
16496,-2283,-592,21,-19,64
16429,-2336,-540,131,55,58
16455,-2400,-489,142,74,34
16573,-2526,-509,80,89,45
16512,-2375,-532,-40,-53,-31
16471,-2315,-535,-62,-115,-45
16374,-2337,-517,-28,-131,-42
16386,-2300,-547,37,-49,16
16519,-2351,-512,88,-37,56
16514,-2409,-526,50,-110,-14
16490,-2409,-528,-14,-173,-70
16446,-2399,-543,15,-87,-20
16425,-2384,-519,-7,-59,-21
16461,-2332,-542,-1,-55,-18
16416,-2303,-551,4,-64,-25
16523,-2327,-552,85,-36,29
16415,-2310,-527,36,-71,-20
16436,-2292,-561,26,-3,71
16452,-2325,-579,3,14,69
16108,-2168,-547,-154,-67,15
16798,-2486,-516,79,137,276
16491,-2640,-357,90,-115,112
16627,-2361,-724,60,38,120
16743,-2572,-539,-53,-81,-92
16258,-2348,-455,-91,-81,-51
16490,-2254,-596,-9,13,45
16431,-2345,-472,1,-41,-33
16550,-2411,-564,70,27,60
16500,-2395,-553,43,-72,-3
16394,-2367,-497,-34,-66,-5
16553,-2378,-579,-61,-4,6
16468,-2275,-563,-36,-29,3
16480,-2328,-528,-19,-34,4
16505,-2290,-577,9,-106,-22
16436,-2367,-561,22,-135,-29
16441,-2412,-501,49,-3,25
16594,-2438,-563,10,-46,2
16389,-2370,-535,-64,-162,-75
16453,-2246,-605,-20,-87,-4
16351,-2274,-585,-4,-89,-25
16522,-2347,-592,85,-57,21
16433,-2406,-568,98,-67,-3
16460,-2374,-556,49,15,23
16465,-2380,-529,39,127,57
16532,-2365,-574,8,86,44
16458,-2298,-515,36,28,13
16596,-2631,-298,1375,743,-883
16348,-2372,-452,626,494,-560
-1,-1,-1,-1,-1,-1
-1,-1,-1,-1,-1,-1
-1,-1,-1,-1,-1,-1
-1,-1,-1,-1,-1,-1
-1,-1,-1,-1,-1,-1
-1,-1,-1,-1,-1,-1
-1,-1,-1,-1,-1,-1
-1,-1,-1,-1,-1,-1
-1,-1,-1,-1,-1,-1
-1,-1,-1,-1,-1,-1
-1,-1,-1,-1,-1,-1
-1,-1,-1,-1,-1,-1
-1,-1,-1,-1,-1,-1
-1,-1,-1,-1,-1,-1
-1,-1,-1,-1,-1,-1
-1,-1,-1,-1,-1,-1
-1,-1,-1,-1,-1,-1
-1,-1,-1,-1,-1,-1
-1,-1,-1,-1,-1,-1
-1,-1,-1,-1,-1,-1
-1,-1,-1,-1,-1,-1
-1,-1,-1,-1,-1,-1
-1,-1,-1,-1,-1,-1
-1,-1,-1,-1,-1,-1
16511,-2370,-530,507,205,332
16450,-2470,-438,-176,-144,672
16659,-2629,-556,415,437,190
16510,-2567,-507,92,97,3
16396,-2469,-436,-59,231,-8
16528,-2351,-536,-212,320,25
16411,-2288,-461,-379,134,109
16330,-2286,-398,-356,415,252
16519,-2358,-419,-305,84,320
16586,-2473,-366,-238,221,310
16493,-2518,-359,-54,882,-65
16482,-2527,-312,-116,655,-118
16377,-2450,-317,-199,469,-71
16384,-2429,-244,-126,465,90
16531,-2306,-264,-502,707,368
16530,-2406,-272,-292,489,206
16317,-2459,-148,-227,263,229
16518,-2495,-224,-293,190,351
16615,-2545,-224,-304,703,268
16509,-2629,-108,-194,483,21
16489,-2527,-164,-451,705,41
16430,-2424,-132,-135,456,-82
16415,-2372,-148,-373,222,203
16366,-2418,-45,-18,158,-13
16552,-2423,-111,61,-202,84
16544,-2543,-166,47,-171,5
16601,-2576,-140,-148,-355,79
16516,-2458,-263,-214,-435,64
16522,-2426,-286,-180,-553,-57
16364,-2466,-160,-134,-736,-80
16348,-2443,-162,-115,-536,104
16502,-2501,-237,-55,-314,120
16552,-2503,-250,8,-309,51
16455,-2452,-209,33,-324,52
16614,-2520,-353,255,-606,368
16484,-2520,-343,-11,-417,54
16241,-2419,-315,-78,-78,-19
16507,-2524,-322,4,-73,78
16459,-2521,-360,-26,3,89
16480,-2442,-378,-9,-14,109
16506,-2503,-391,25,27,59
16417,-2497,-294,-39,-47,118
16433,-2491,-312,29,16,156
16508,-2539,-290,82,-18,123
16592,-2566,-392,66,39,39
16449,-2547,-318,5,-46,-6
16405,-2448,-289,8,199,109
16561,-2491,-320,-14,149,143
16531,-2474,-348,50,7,102
16418,-2525,-294,62,22,100
-1,-1,-1,-1,-1,-1
-1,-1,-1,-1,-1,-1
-1,-1,-1,-1,-1,-1
-1,-1,-1,-1,-1,-1
-1,-1,-1,-1,-1,-1
-1,-1,-1,-1,-1,-1
-1,-1,-1,-1,-1,-1
-1,-1,-1,-1,-1,-1
-1,-1,-1,-1,-1,-1
-1,-1,-1,-1,-1,-1
-1,-1,-1,-1,-1,-1
-1,-1,-1,-1,-1,-1
-1,-1,-1,-1,-1,-1
-1,-1,-1,-1,-1,-1
-1,-1,-1,-1,-1,-1
-1,-1,-1,-1,-1,-1
-1,-1,-1,-1,-1,-1
-1,-1,-1,-1,-1,-1
-1,-1,-1,-1,-1,-1
-1,-1,-1,-1,-1,-1
-1,-1,-1,-1,-1,-1
-1,-1,-1,-1,-1,-1
-1,-1,-1,-1,-1,-1
-1,-1,-1,-1,-1,-1
-1,-1,-1,-1,-1,-1
-1,-1,-1,-1,-1,-1
-1,-1,-1,-1,-1,-1
-1,-1,-1,-1,-1,-1
-1,-1,-1,-1,-1,-1
-1,-1,-1,-1,-1,-1
-1,-1,-1,-1,-1,-1
-1,-1,-1,-1,-1,-1
-1,-1,-1,-1,-1,-1
-1,-1,-1,-1,-1,-1
-1,-1,-1,-1,-1,-1
-1,-1,-1,-1,-1,-1
-1,-1,-1,-1,-1,-1
-1,-1,-1,-1,-1,-1
-1,-1,-1,-1,-1,-1
-1,-1,-1,-1,-1,-1
-1,-1,-1,-1,-1,-1
-1,-1,-1,-1,-1,-1
-1,-1,-1,-1,-1,-1
-1,-1,-1,-1,-1,-1
-1,-1,-1,-1,-1,-1
-1,-1,-1,-1,-1,-1
-1,-1,-1,-1,-1,-1
-1,-1,-1,-1,-1,-1
-1,-1,-1,-1,-1,-1
-1,-1,-1,-1,-1,-1
-1,-1,-1,-1,-1,-1
-1,-1,-1,-1,-1,-1
-1,-1,-1,-1,-1,-1
-1,-1,-1,-1,-1,-1
-1,-1,-1,-1,-1,-1
-1,-1,-1,-1,-1,-1
-1,-1,-1,-1,-1,-1
-1,-1,-1,-1,-1,-1
-1,-1,-1,-1,-1,-1
-1,-1,-1,-1,-1,-1
-1,-1,-1,-1,-1,-1
-1,-1,-1,-1,-1,-1
-1,-1,-1,-1,-1,-1
-1,-1,-1,-1,-1,-1
-1,-1,-1,-1,-1,-1
-1,-1,-1,-1,-1,-1
-1,-1,-1,-1,-1,-1
-1,-1,-1,-1,-1,-1
-1,-1,-1,-1,-1,-1
-1,-1,-1,-1,-1,-1
-1,-1,-1,-1,-1,-1
-1,-1,-1,-1,-1,-1
-1,-1,-1,-1,-1,-1
-1,-1,-1,-1,-1,-1
-1,-1,-1,-1,-1,-1
-1,-1,-1,-1,-1,-1
-1,-1,-1,-1,-1,-1
-1,-1,-1,-1,-1,-1
-1,-1,-1,-1,-1,-1
-1,-1,-1,-1,-1,-1
-1,-1,-1,-1,-1,-1
-1,-1,-1,-1,-1,-1
-1,-1,-1,-1,-1,-1
-1,-1,-1,-1,-1,-1
-1,-1,-1,-1,-1,-1
-1,-1,-1,-1,-1,-1
-1,-1,-1,-1,-1,-1
-1,-1,-1,-1,-1,-1
-1,-1,-1,-1,-1,-1
-1,-1,-1,-1,-1,-1
-1,-1,-1,-1,-1,-1
-1,-1,-1,-1,-1,-1
-1,-1,-1,-1,-1,-1
-1,-1,-1,-1,-1,-1
-1,-1,-1,-1,-1,-1
-1,-1,-1,-1,-1,-1
-1,-1,-1,-1,-1,-1
-1,-1,-1,-1,-1,-1
-1,-1,-1,-1,-1,-1
-1,-1,-1,-1,-1,-1
-1,-1,-1,-1,-1,-1
-1,-1,-1,-1,-1,-1
-1,-1,-1,-1,-1,-1
-1,-1,-1,-1,-1,-1
-1,-1,-1,-1,-1,-1
-1,-1,-1,-1,-1,-1
-1,-1,-1,-1,-1,-1
-1,-1,-1,-1,-1,-1
-1,-1,-1,-1,-1,-1
-1,-1,-1,-1,-1,-1
-1,-1,-1,-1,-1,-1
-1,-1,-1,-1,-1,-1
-1,-1,-1,-1,-1,-1
-1,-1,-1,-1,-1,-1
-1,-1,-1,-1,-1,-1
-1,-1,-1,-1,-1,-1
-1,-1,-1,-1,-1,-1
-1,-1,-1,-1,-1,-1
-1,-1,-1,-1,-1,-1
-1,-1,-1,-1,-1,-1
-1,-1,-1,-1,-1,-1
-1,-1,-1,-1,-1,-1
-1,-1,-1,-1,-1,-1
-1,-1,-1,-1,-1,-1
-1,-1,-1,-1,-1,-1
-1,-1,-1,-1,-1,-1
-1,-1,-1,-1,-1,-1
-1,-1,-1,-1,-1,-1
-1,-1,-1,-1,-1,-1
-1,-1,-1,-1,-1,-1
-1,-1,-1,-1,-1,-1
-1,-1,-1,-1,-1,-1
-1,-1,-1,-1,-1,-1
-1,-1,-1,-1,-1,-1
-1,-1,-1,-1,-1,-1
-1,-1,-1,-1,-1,-1
-1,-1,-1,-1,-1,-1
-1,-1,-1,-1,-1,-1
-1,-1,-1,-1,-1,-1
-1,-1,-1,-1,-1,-1
-1,-1,-1,-1,-1,-1
-1,-1,-1,-1,-1,-1
-1,-1,-1,-1,-1,-1
-1,-1,-1,-1,-1,-1
-1,-1,-1,-1,-1,-1
-1,-1,-1,-1,-1,-1
-1,-1,-1,-1,-1,-1
-1,-1,-1,-1,-1,-1
-1,-1,-1,-1,-1,-1
-1,-1,-1,-1,-1,-1
-1,-1,-1,-1,-1,-1
-1,-1,-1,-1,-1,-1
-1,-1,-1,-1,-1,-1
-1,-1,-1,-1,-1,-1
-1,-1,-1,-1,-1,-1
-1,-1,-1,-1,-1,-1
-1,-1,-1,-1,-1,-1
-1,-1,-1,-1,-1,-1
-1,-1,-1,-1,-1,-1
-1,-1,-1,-1,-1,-1
-1,-1,-1,-1,-1,-1
-1,-1,-1,-1,-1,-1
-1,-1,-1,-1,-1,-1
-1,-1,-1,-1,-1,-1
-1,-1,-1,-1,-1,-1
-1,-1,-1,-1,-1,-1
-1,-1,-1,-1,-1,-1
-1,-1,-1,-1,-1,-1
-1,-1,-1,-1,-1,-1
-1,-1,-1,-1,-1,-1
-1,-1,-1,-1,-1,-1
-1,-1,-1,-1,-1,-1
-1,-1,-1,-1,-1,-1
-1,-1,-1,-1,-1,-1
-1,-1,-1,-1,-1,-1
-1,-1,-1,-1,-1,-1
-1,-1,-1,-1,-1,-1
-1,-1,-1,-1,-1,-1
-1,-1,-1,-1,-1,-1
-1,-1,-1,-1,-1,-1
-1,-1,-1,-1,-1,-1
-1,-1,-1,-1,-1,-1
-1,-1,-1,-1,-1,-1
-1,-1,-1,-1,-1,-1
-1,-1,-1,-1,-1,-1
-1,-1,-1,-1,-1,-1
-1,-1,-1,-1,-1,-1
-1,-1,-1,-1,-1,-1
-1,-1,-1,-1,-1,-1
-1,-1,-1,-1,-1,-1
-1,-1,-1,-1,-1,-1
-1,-1,-1,-1,-1,-1
-1,-1,-1,-1,-1,-1
-1,-1,-1,-1,-1,-1
-1,-1,-1,-1,-1,-1
-1,-1,-1,-1,-1,-1
-1,-1,-1,-1,-1,-1
-1,-1,-1,-1,-1,-1
-1,-1,-1,-1,-1,-1
-1,-1,-1,-1,-1,-1
-1,-1,-1,-1,-1,-1
16520,-2314,-537,195,216,-270
16209,-2401,-241,115,-9,-156
16319,-2237,-511,-264,-496,221
-1,-1,-1,-1,-1,-1
-1,-1,-1,-1,-1,-1
-1,-1,-1,-1,-1,-1
-1,-1,-1,-1,-1,-1
16591,-2649,-430,258,355,-360
16521,-2417,-493,130,121,-366
-1,-1,-1,-1,-1,-1
-1,-1,-1,-1,-1,-1
16610,-2296,-654,220,218,-79
0,0,0,0,0,0
-1,-1,-1,-1,-1,-1
0,0,0,0,0,0
0,0,0,0,0,0
0,0,0,0,0,0
0,0,0,0,0,0
0,0,0,0,0,0
0,0,0,0,0,0
0,0,0,0,0,0
0,0,0,0,0,0
0,0,0,0,0,0
0,0,0,0,0,0
0,0,0,0,0,0
0,0,0,0,0,0
-1,-1,-1,-1,-1,-1
0,0,0,0,0,0
0,0,0,0,0,0
0,0,0,0,0,0
0,0,0,0,0,0
0,0,0,0,0,0
0,0,0,0,0,0
0,0,0,0,0,0
0,0,0,0,0,0
0,0,0,0,0,0
0,0,0,0,0,0
0,0,0,0,0,0
0,0,0,0,0,0
0,0,0,0,0,0
0,0,0,0,0,0
-1,-1,-1,-1,-1,-1
-1,-1,-1,-1,-1,-1
0,0,0,0,0,0
0,0,0,0,0,0
0,0,0,0,0,0
-1,-1,-1,-1,-1,-1
0,0,0,0,0,0
0,0,0,0,0,0
0,0,0,0,0,0
0,0,0,0,0,0
0,0,0,0,0,0
0,0,0,0,0,0
0,0,0,0,0,0
0,0,0,0,0,0
0,0,0,0,0,0
0,0,0,0,0,0
0,0,0,0,0,0
0,0,0,0,0,0
0,0,0,0,0,0
0,0,0,0,0,0
0,0,0,0,0,0
0,0,0,0,0,0
0,0,0,0,0,0
0,0,0,0,0,0
0,0,0,0,0,0
0,0,0,0,0,0
0,0,0,0,0,0
0,0,0,0,0,0
0,0,0,0,0,0
0,0,0,0,0,0
0,0,0,0,0,0
0,0,0,0,0,0
0,0,0,0,0,0
0,0,0,0,0,0
0,0,0,0,0,0
0,0,0,0,0,0
0,0,0,0,0,0
0,0,0,0,0,0
0,0,0,0,0,0
0,0,0,0,0,0
0,0,0,0,0,0
0,0,0,0,0,0
0,0,0,0,0,0
0,0,0,0,0,0
0,0,0,0,0,0
0,0,0,0,0,0
0,0,0,0,0,0
-1,-1,-1,-1,-1,-1
-1,-1,-1,-1,-1,-1
0,0,0,0,0,0
0,0,0,0,0,0
0,0,0,0,0,0
0,0,0,0,0,0
0,0,0,0,0,0
0,0,0,0,0,0
0,0,0,0,0,0
0,0,0,0,0,0
0,0,0,0,0,0
0,0,0,0,0,0
0,0,0,0,0,0
0,0,0,0,0,0
0,0,0,0,0,0
0,0,0,0,0,0
0,0,0,0,0,0
0,0,0,0,0,0
0,0,0,0,0,0
0,0,0,0,0,0
0,0,0,0,0,0
0,0,0,0,0,0
0,0,0,0,0,0
0,0,0,0,0,0
0,0,0,0,0,0
0,0,0,0,0,0
0,0,0,0,0,0
0,0,0,0,0,0
0,0,0,0,0,0
0,0,0,0,0,0
0,0,0,0,0,0
0,0,0,0,0,0
0,0,0,0,0,0
0,0,0,0,0,0
0,0,0,0,0,0
0,0,0,0,0,0
0,0,0,0,0,0
0,0,0,0,0,0
0,0,0,0,0,0
0,0,0,0,0,0
0,0,0,0,0,0
0,0,0,0,0,0
0,0,0,0,0,0
0,0,0,0,0,0
0,0,0,0,0,0
0,0,0,0,0,0
0,0,0,0,0,0
0,0,0,0,0,0
0,0,0,0,0,0
0,0,0,0,0,0
0,0,0,0,0,0
0,0,0,0,0,0
0,0,0,0,0,0
0,0,0,0,0,0
0,0,0,0,0,0
0,0,0,0,0,0
0,0,0,0,0,0
0,0,0,0,0,0
0,0,0,0,0,0
0,0,0,0,0,0
0,0,0,0,0,0
0,0,0,0,0,0
0,0,0,0,0,0
0,0,0,0,0,0
0,0,0,0,0,0
0,0,0,0,0,0
0,0,0,0,0,0
0,0,0,0,0,0
0,0,0,0,0,0
0,0,0,0,0,0
0,0,0,0,0,0
0,0,0,0,0,0
0,0,0,0,0,0
0,0,0,0,0,0
0,0,0,0,0,0
0,0,0,0,0,0
0,0,0,0,0,0
0,0,0,0,0,0
0,0,0,0,0,0
0,0,0,0,0,0
0,0,0,0,0,0
0,0,0,0,0,0
0,0,0,0,0,0
0,0,0,0,0,0
0,0,0,0,0,0
0,0,0,0,0,0
0,0,0,0,0,0
0,0,0,0,0,0
0,0,0,0,0,0
0,0,0,0,0,0
0,0,0,0,0,0
0,0,0,0,0,0
0,0,0,0,0,0
0,0,0,0,0,0
0,0,0,0,0,0
0,0,0,0,0,0
0,0,0,0,0,0
0,0,0,0,0,0
0,0,0,0,0,0
0,0,0,0,0,0
0,0,0,0,0,0
0,0,0,0,0,0
0,0,0,0,0,0
0,0,0,0,0,0
0,0,0,0,0,0
0,0,0,0,0,0
0,0,0,0,0,0
0,0,0,0,0,0
0,0,0,0,0,0
0,0,0,0,0,0
0,0,0,0,0,0
0,0,0,0,0,0
0,0,0,0,0,0
-1,-1,-1,-1,-1,-1
0,0,0,0,0,0
0,0,0,0,0,0
0,0,0,0,0,0
0,0,0,0,0,0
0,0,0,0,0,0
0,0,0,0,0,0
0,0,0,0,0,0
0,0,0,0,0,0
0,0,0,0,0,0
0,0,0,0,0,0
0,0,0,0,0,0
0,0,0,0,0,0
0,0,0,0,0,0
0,0,0,0,0,0
0,0,0,0,0,0
-1,-1,-1,-1,-1,-1
0,0,0,0,0,0
0,0,0,0,0,0
0,0,0,0,0,0
0,0,0,0,0,0
0,0,0,0,0,0
0,0,0,0,0,0
0,0,0,0,0,0
0,0,0,0,0,0
-1,-1,-1,-1,-1,-1
0,0,0,-1,-1,-1
-1,-1,-1,-1,-1,-1
-1,-1,-1,-1,-1,-1
-1,-1,-1,-1,-1,-1
-1,-1,-1,-1,-1,-1
-1,-1,-1,-1,-1,-1
-1,-1,-1,-1,-1,-1
-1,-1,-1,-1,-1,-1
-1,-1,-1,-1,-1,-1
-1,-1,-1,-1,-1,-1
-1,-1,-1,-1,-1,-1
0,0,0,0,0,0
0,0,0,0,0,0
0,0,0,0,0,0
0,0,0,0,0,0
0,0,0,0,0,0
0,0,0,0,0,0
0,0,0,0,0,0
0,0,0,0,0,0
0,0,0,0,0,0
0,0,0,0,0,0
0,0,0,0,0,0
0,0,0,0,0,0
0,0,0,0,0,0
0,0,0,0,0,0
0,0,0,0,0,0
0,0,0,0,0,0
0,0,0,0,0,0
0,0,0,0,0,0
0,0,0,0,0,0
0,0,0,0,0,0
0,0,0,0,0,0
0,0,0,0,0,0
0,0,0,0,0,0
0,0,0,0,0,0
0,0,0,0,0,0
0,0,0,0,0,0
0,0,0,0,0,0
0,0,0,0,0,0
0,0,0,0,0,0
-1,-1,-1,-1,-1,-1
0,0,0,0,0,0
0,0,0,0,0,0
0,0,0,0,0,0
0,0,0,0,0,0
0,0,0,0,0,0
0,0,0,0,0,0
0,0,0,0,0,0
0,0,0,0,0,0
0,0,0,0,0,0
0,0,0,0,0,0
0,0,0,0,0,0
0,0,0,0,0,0
0,0,0,0,0,0
0,0,0,0,0,0
0,0,0,0,0,0
0,0,0,0,0,0
0,0,0,0,0,0
0,0,0,0,0,0
0,0,0,0,0,0
0,0,0,0,0,0
0,0,0,0,0,0
0,0,0,0,0,0
0,0,0,0,0,0
0,0,0,0,0,0
0,0,0,0,0,0
0,0,0,0,0,0
0,0,0,0,0,0
0,0,0,0,0,0
0,0,0,0,0,0
0,0,0,0,0,0
0,0,0,0,0,0
0,0,0,0,0,0
0,0,0,0,0,0
0,0,0,0,0,0
0,0,0,0,0,0
0,0,0,0,0,0
0,0,0,0,0,0
0,0,0,0,0,0
0,0,0,0,0,0
0,0,0,0,0,0
0,0,0,0,0,0
0,0,0,0,0,0
0,0,0,0,0,0
0,0,0,0,0,0
0,0,0,0,0,0
0,0,0,0,0,0
0,0,0,0,0,0
0,0,0,0,0,0
0,0,0,0,0,0
0,0,0,0,0,0
0,0,0,0,0,0
0,0,0,0,0,0
0,0,0,0,0,0
0,0,0,0,0,0
0,0,0,0,0,0
0,0,0,0,0,0
0,0,0,0,0,0
0,0,0,0,0,0
0,0,0,0,0,0
0,0,0,0,0,0
0,0,0,0,0,0
0,0,0,0,0,0
0,0,0,0,0,0
0,0,0,0,0,0
0,0,0,0,0,0
0,0,0,0,0,0
0,0,0,0,0,0
0,0,0,0,0,0
0,0,0,0,0,0
0,0,0,0,0,0
0,0,0,0,0,0
0,0,0,0,0,0
0,0,0,0,0,0
0,0,0,0,0,0
0,0,0,0,0,0
0,0,0,0,0,0
0,0,0,0,0,0
0,0,0,0,0,0
0,0,0,0,0,0
0,0,0,0,0,0
0,0,0,0,0,0
0,0,0,0,0,0
0,0,0,0,0,0
0,0,0,0,0,0
0,0,0,0,0,0
0,0,0,0,0,0
0,0,0,0,0,0
0,0,0,0,0,0
0,0,0,0,0,0
0,0,0,0,0,0
0,0,0,0,0,0
0,0,0,0,0,0
0,0,0,0,0,0
0,0,0,0,0,0
0,0,0,0,0,0
0,0,0,0,0,0
0,0,0,0,0,0
0,0,0,0,0,0
0,0,0,0,0,0
0,0,0,0,0,0
0,0,0,0,0,0
0,0,0,0,0,0
0,0,0,0,0,0
0,0,0,0,0,0
0,0,0,0,0,0
0,0,0,0,0,0
0,0,0,0,0,0
0,0,0,0,0,0
0,0,0,0,0,0
0,0,0,0,0,0
0,0,0,0,0,0
0,0,0,0,0,0
0,0,0,0,0,0
0,0,0,0,0,0
0,0,0,0,0,0
0,0,0,0,0,0
0,0,0,0,0,0
0,0,0,0,0,0
0,0,0,0,0,0
0,0,0,0,0,0
0,0,0,0,0,0
0,0,0,0,0,0
0,0,0,0,0,0
0,0,0,0,0,0
0,0,0,0,0,0
0,0,0,0,0,0
0,0,0,0,0,0
0,0,0,0,0,0
0,0,0,0,0,0
0,0,0,0,0,0
0,0,0,0,0,0
0,0,0,0,0,0
0,0,0,0,0,0
0,0,0,0,0,0
0,0,0,0,0,0
0,0,0,0,0,0
0,0,0,0,0,0
0,0,0,0,0,0
0,0,0,0,0,0
0,0,0,0,0,0
0,0,0,0,0,0
0,0,0,0,0,0
0,0,0,0,0,0
0,0,0,0,0,0
0,0,0,0,0,0
0,0,0,0,0,0
0,0,0,0,0,0
0,0,0,0,0,0
0,0,0,0,0,0
0,0,0,0,0,0
0,0,0,0,0,0
0,0,0,0,0,0
0,0,0,0,0,0
0,0,0,0,0,0
0,0,0,0,0,0
0,0,0,0,0,0
0,0,0,0,0,0
0,0,0,0,0,0
0,0,0,0,0,0
0,0,0,0,0,0
0,0,0,0,0,0
0,0,0,0,0,0
0,0,0,0,0,0
0,0,0,0,0,0
0,0,0,0,0,0
0,0,0,0,0,0
0,0,0,0,0,0
0,0,0,0,0,0
0,0,0,0,0,0
0,0,0,0,0,0
0,0,0,0,0,0
0,0,0,0,0,0
0,0,0,0,0,0
0,0,0,0,0,0
0,0,0,0,0,0
0,0,0,0,0,0
0,0,0,0,0,0
0,0,0,0,0,0
0,0,0,0,0,0
0,0,0,0,0,0
0,0,0,0,0,0
0,0,0,0,0,0
0,0,0,0,0,0
0,0,0,0,0,0
0,0,0,0,0,0
0,0,0,0,0,0
0,0,0,0,0,0
0,0,0,0,0,0
0,0,0,0,0,0
0,0,0,0,0,0
0,0,0,0,0,0
0,0,0,0,0,0
0,0,0,0,0,0
0,0,0,0,0,0
0,0,0,0,0,0
0,0,0,0,0,0
0,0,0,0,0,0
0,0,0,0,0,0
0,0,0,0,0,0
0,0,0,0,0,0
0,0,0,0,0,0
0,0,0,0,0,0
0,0,0,0,0,0
0,0,0,0,0,0
0,0,0,0,0,0
0,0,0,0,0,0
-1,-1,-1,-1,-1,-1
-1,-1,-1,-1,-1,-1
0,0,0,0,0,0
0,0,0,0,0,0
0,0,0,0,0,0
0,0,0,0,0,0
0,0,0,0,0,0
0,0,0,0,0,0
0,0,0,0,0,0
0,0,0,0,0,0
0,0,0,0,0,0
0,0,0,0,0,0
0,0,0,0,0,0
0,0,0,0,0,0
0,0,0,0,0,0
0,0,0,0,0,0
0,0,0,0,0,0
0,0,0,0,0,0
0,0,0,0,0,0
0,0,0,0,0,0
0,0,0,0,0,0
0,0,0,0,0,0
0,0,0,0,0,0
0,0,0,0,0,0
0,0,0,0,0,0
0,0,0,0,0,0
0,0,0,0,0,0
0,0,0,0,0,0
0,0,0,0,0,0
0,0,0,0,0,0
-1,-1,-1,0,0,0
0,0,0,0,0,0
-1,-1,-1,-1,-1,-1
-1,-1,-1,-1,-1,-1
-1,-1,-1,-1,-1,-1
-1,-1,-1,-1,-1,-1
0,0,0,0,0,0
-1,-1,-1,-1,-1,-1
-1,-1,-1,-1,-1,-1
-1,-1,-1,-1,-1,-1
-1,-1,-1,-1,-1,-1
-1,-1,-1,-1,-1,-1
-1,-1,-1,-1,-1,-1
-1,-1,-1,-1,-1,-1
-1,-1,-1,-1,-1,-1
-1,-1,-1,-1,-1,-1
-1,-1,-1,-1,-1,-1
-1,-1,-1,-1,-1,-1
-1,-1,-1,-1,-1,-1
-1,-1,-1,-1,-1,-1
-1,-1,-1,-1,-1,-1
-1,-1,-1,-1,-1,-1
-1,-1,-1,-1,-1,-1
0,0,256,0,0,0
0,0,0,0,0,0
0,0,0,0,0,0
0,0,0,0,0,0
0,0,0,0,0,0
0,0,0,-1,-1,-1
-1,-1,-1,-1,-1,-1
-1,-1,-1,-1,-1,-1
0,0,0,0,0,0
0,0,0,0,0,0
0,0,0,0,0,0
0,0,0,0,0,0
0,0,0,0,0,0
0,0,0,0,0,0
-1,-1,-1,-1,-1,-1
-1,-1,-1,-1,-1,-1
-1,-1,-1,-1,-1,-1
-1,-1,-1,-1,-1,-1
-1,-1,-1,-1,-1,-1
0,0,0,0,0,0
0,0,0,0,0,0
0,0,0,0,0,0
0,0,0,0,0,0
0,0,0,0,0,0
0,0,0,0,0,0
0,0,0,0,0,0
0,0,0,0,0,0
0,0,0,0,0,0
0,0,0,0,0,0
0,0,0,0,0,0
0,0,0,0,0,0
0,0,0,0,0,0
0,0,0,0,0,0
0,0,0,0,0,0
0,0,0,0,0,0
0,0,0,0,0,0
0,0,0,0,0,0
0,0,0,0,0,0
0,0,0,0,0,0
0,0,0,0,0,0
0,0,0,0,0,0
0,0,0,0,0,0
0,0,0,0,0,0
0,0,0,0,0,0
-1,-1,-1,-1,-1,-1
-1,-1,-1,-1,-1,-1
-1,-1,-1,-1,-1,-1
-1,-1,-1,-1,-1,-1
-1,-1,-1,-1,-1,-1
-1,-1,-1,-1,-1,-1
-1,-1,-1,-1,-1,-1
0,0,0,0,0,0
0,0,0,0,0,0
0,0,0,0,0,0
0,0,0,0,0,0
0,0,0,0,0,0
0,0,0,0,0,0
0,0,0,0,0,0
0,0,0,0,0,0
0,0,0,0,0,0
0,0,0,0,0,0
0,0,0,0,0,0
0,0,0,0,0,0
0,0,0,0,0,0
-1,-1,-1,-1,-1,-1
-1,-1,-1,-1,-1,-1
-1,-1,-1,-1,-1,-1
-1,-1,-1,-1,-1,-1
-1,-1,-1,-1,-1,-1
-1,-1,-1,-1,-1,-1
-1,-1,-1,-1,-1,-1
-1,-1,-1,-1,-1,-1
-1,-1,-1,-1,-1,-1
-1,-1,-1,-1,-1,-1
-1,-1,-1,-1,-1,-1
-1,-1,-1,-1,-1,-1
-1,-1,-1,-1,-1,-1
-1,-1,-1,-1,-1,-1
-1,-1,-1,-1,-1,-1
-1,-1,-1,-1,-1,-1
-1,-1,-1,-1,-1,-1
-1,-1,-1,-1,-1,-1
-1,-1,-1,-1,-1,-1
-1,-1,-1,-1,-1,-1
-1,-1,-1,-1,-1,-1
-1,-1,-1,-1,-1,-1
-1,-1,-1,-1,-1,-1
-1,-1,-1,-1,-1,-1
-1,-1,-1,-1,-1,-1
-1,-1,-1,-1,-1,-1
-1,-1,-1,-1,-1,-1
-1,-1,-1,-1,-1,-1
-1,-1,-1,-1,-1,-1
-1,-1,-1,-1,-1,-1
-1,-1,-1,-1,-1,-1
0,0,0,0,0,0
0,0,0,0,0,0
0,0,0,0,0,0
0,0,0,0,0,0
0,0,0,0,0,0
0,0,0,0,0,0
0,0,0,0,0,0
0,0,0,0,0,0
0,0,0,0,0,0
0,0,0,0,0,0
0,0,0,0,0,0
0,0,0,0,0,0
0,0,0,0,0,0
0,0,0,0,0,0
0,0,0,0,0,0
0,0,0,0,0,0
0,0,0,0,0,0
0,0,0,0,0,0
0,0,0,0,0,0
0,0,0,0,0,0
0,0,0,0,0,0
0,0,0,0,0,0
-1,-1,-1,-1,-1,-1
0,0,0,0,0,0
0,0,0,0,0,0
0,0,0,0,0,0
0,0,0,0,0,0
0,0,0,0,0,0
0,0,0,0,0,0
0,0,0,0,0,0
0,0,0,0,0,0
0,0,0,0,0,0
0,0,0,0,0,0
0,0,0,0,0,0
0,0,0,0,0,0
0,0,0,0,0,0
0,0,0,0,0,0
0,0,0,0,0,0
0,0,0,0,0,0
0,0,0,0,0,0
0,0,0,0,0,0
0,0,0,0,0,0
0,0,0,0,0,0
0,0,0,0,0,0
0,0,0,0,0,0
0,0,0,0,0,0
0,0,0,0,0,0
0,0,0,0,0,0
0,0,0,0,0,0
0,0,0,0,0,0
0,0,0,0,0,0
0,0,0,0,0,0
0,0,0,0,0,0
0,0,0,0,0,0
0,0,0,0,0,0
0,0,0,0,0,0
0,0,0,0,0,0
0,0,0,0,0,0
0,0,0,0,0,0
0,0,0,0,0,0
0,0,0,0,0,0
0,0,0,0,0,0
0,0,0,0,0,0
0,0,0,0,0,0
0,0,0,0,0,0
0,0,0,0,0,0
0,0,0,0,0,0
0,0,0,0,0,0
0,0,0,0,0,0
0,0,0,0,0,0
0,0,0,0,0,0
0,0,0,0,0,0
0,0,0,0,0,0
0,0,0,0,0,0
0,0,0,0,0,0
0,0,0,0,0,0
0,0,0,0,0,0
0,0,0,0,0,0
0,0,0,0,0,0
0,0,0,0,0,0
0,0,0,0,0,0
0,0,0,0,0,0
0,0,0,0,0,0
0,0,0,0,0,0
0,0,0,0,0,0
0,0,0,0,0,0
0,0,0,0,0,0
0,0,0,0,0,0
0,0,0,0,0,0
0,0,0,0,0,0
0,0,0,0,0,0
0,0,0,0,0,0
0,0,0,0,0,0
0,0,0,0,0,0
0,0,0,0,0,0
0,0,0,0,0,0
0,0,0,0,0,0
0,0,0,0,0,0
0,0,0,0,0,0
0,0,0,0,0,0
0,0,0,0,0,0
0,0,0,0,0,0
0,0,0,0,0,0
0,0,0,0,0,0
0,0,0,0,0,0
0,0,0,0,0,0
0,0,0,0,0,0
0,0,0,0,0,0
0,0,0,0,0,0
0,0,0,0,0,0
0,0,0,0,0,0
0,0,0,0,0,0
0,0,0,0,0,0
0,0,0,0,0,0
0,0,0,0,0,0
0,0,0,0,0,0
0,0,0,0,0,0
0,0,0,0,0,0
0,0,0,0,0,0
0,0,0,0,0,0
0,0,0,0,0,0
0,0,0,0,0,0
0,0,0,0,0,0
0,0,0,0,0,0
0,0,0,0,0,0
0,0,0,0,0,0
0,0,0,0,0,0
0,0,0,0,0,0
0,0,0,0,0,0
0,0,0,0,0,0
0,0,0,0,0,0
0,0,0,0,0,0
0,0,0,0,0,0
0,0,0,0,0,0
0,0,0,0,0,0
0,0,0,0,0,0
0,0,0,0,0,0
0,0,0,0,0,0
0,0,0,0,0,0
0,0,0,0,0,0
0,0,0,0,0,0
0,0,0,0,0,0
0,0,0,0,0,0
0,0,0,0,0,0
0,0,0,0,0,0
0,0,0,0,0,0
0,0,0,0,0,0
0,0,0,0,0,0
0,0,0,0,0,0
0,0,0,0,0,0
0,0,0,0,0,0
0,0,0,0,0,0
0,0,0,0,0,0
0,0,0,0,0,0
0,0,0,0,0,0
0,0,0,0,0,0
0,0,0,0,0,0
0,0,0,0,0,0
0,0,0,0,0,0
0,0,0,0,0,0
0,0,0,0,0,0
0,0,0,0,0,0
0,0,0,0,0,0
0,0,0,0,0,0
0,0,0,0,0,0
0,0,0,0,0,0
0,0,0,0,0,0
0,0,0,0,0,0
0,0,0,0,0,0
0,0,0,0,0,0
0,0,0,0,0,0
0,0,0,0,0,0
0,0,0,0,0,0
0,0,0,0,0,0
0,0,0,0,0,0
0,0,0,0,0,0
0,0,0,0,0,0
0,0,0,0,0,0
0,0,0,0,0,0
0,0,0,0,0,0
0,0,0,0,0,0
0,0,0,0,0,0
0,0,0,0,0,0
0,0,0,0,0,0
0,0,0,0,0,0
0,0,0,0,0,0
0,0,0,0,0,0
0,0,0,0,0,0
0,0,0,0,0,0
0,0,0,0,0,0
-1,-1,-1,-1,-1,-1
0,0,0,0,0,0
0,0,0,0,0,0
-1,-1,-1,-1,-1,-1
-1,-1,-1,-1,-1,-1
0,0,0,0,0,0
0,0,0,0,0,0
0,0,0,0,0,0
-1,-1,-1,-1,-1,-1
-1,-1,-1,-1,-1,-1
-1,-1,-1,-1,-1,-1
-1,-1,-1,-1,-1,-1
0,0,0,0,0,0
-1,-1,-1,-1,-1,-1
-1,-1,-1,-1,-1,-1
0,0,0,0,0,0
0,0,0,0,0,0
0,0,0,0,0,0
0,0,0,0,0,0
0,0,0,0,0,0
0,0,0,0,0,0
0,0,0,0,0,0
0,0,0,0,0,0
0,0,0,0,0,0
0,0,0,0,0,0
0,0,0,0,0,0
0,0,0,0,0,0
0,0,0,0,0,0
0,0,0,0,0,0
0,0,0,0,0,0
0,0,0,0,0,0
0,0,0,0,0,0
0,0,0,0,0,0
0,0,0,0,0,0
0,0,0,0,0,0
0,0,0,0,0,0
0,0,0,0,0,0
0,0,0,0,0,0
0,0,0,0,0,0
0,0,0,0,0,0
0,0,0,0,0,0
0,0,0,0,0,0
0,0,0,0,0,0
0,0,0,0,0,0
0,0,0,0,0,0
0,0,0,0,0,0
0,0,0,0,0,0
-1,-1,-1,-1,-1,-1
0,0,0,0,0,0
0,0,0,0,0,0
0,0,0,0,0,0
0,0,0,0,0,0
0,0,0,0,0,0
-1,-1,-1,-1,-1,-1
-1,-1,-1,-1,-1,-1
-1,-1,-1,-1,-1,-1
0,0,768,0,0,0
0,0,0,0,0,0
0,0,0,0,0,0
0,0,0,0,0,0
-1,-1,-1,-1,-1,-1
-1,-1,-1,-1,-1,-1
-1,-1,-1,-1,-1,-1
-1,-1,-1,-1,-1,-1
-1,-1,-1,-1,-1,-1
-1,-1,-1,-1,-1,-1
0,0,0,0,0,0
0,0,0,0,0,0
0,0,0,0,0,0
0,0,0,0,0,0
0,0,0,0,0,0
0,0,0,0,0,0
0,0,0,0,0,0
0,0,0,0,0,0
0,0,0,0,0,0
0,0,0,0,0,0
0,0,0,0,0,0
0,0,0,0,0,0
0,0,0,0,0,0
0,0,0,0,0,0
0,0,0,0,0,0
0,0,0,0,0,0
0,0,0,0,0,0
0,0,0,0,0,0
0,0,0,0,0,0
0,0,0,0,0,0
0,0,0,0,0,0
0,0,0,0,0,0
0,0,0,0,0,0
0,0,0,0,0,0
0,0,0,0,0,0
0,0,0,0,0,0
0,0,0,0,0,0
0,0,0,0,0,0
0,0,0,0,0,0
0,0,0,0,0,0
0,0,0,0,0,0
0,0,0,0,0,0
0,0,0,0,0,0
-1,-1,-1,-1,-1,-1
0,0,0,0,0,0
0,0,0,0,0,0
0,0,0,0,0,0
0,0,0,0,0,0
0,0,0,0,0,0
0,0,0,0,0,0
0,0,0,0,0,0
0,0,0,0,0,0
0,0,0,0,0,0
0,0,0,0,0,0
0,0,0,0,0,0
0,0,0,0,0,0
0,0,0,0,0,0
0,0,0,0,0,0
0,0,0,0,0,0
0,0,0,0,0,0
0,0,0,0,0,0
0,0,0,0,0,0
0,0,0,0,0,0
0,0,0,0,0,0
0,0,0,0,0,0
0,0,0,0,0,0
0,0,0,0,0,0
0,0,0,0,0,0
0,0,0,0,0,0
0,0,0,0,0,0
0,0,0,0,0,0
0,0,0,0,0,0
-1,-1,-1,-1,-1,-1
0,0,0,0,0,0
0,0,0,0,0,0
0,0,0,0,0,0
0,0,0,0,0,0
0,0,0,0,0,0
0,0,0,0,0,0
0,0,0,0,0,0
0,0,0,0,0,0
0,0,0,0,0,0
0,0,0,0,0,0
0,0,0,0,0,0
0,0,0,0,0,0
0,0,0,0,0,0
0,0,0,0,0,0
0,0,0,0,0,0
0,0,0,0,0,0
0,0,0,0,0,0
0,0,0,0,0,0
0,0,0,0,0,0
0,0,0,0,0,0
0,0,0,0,0,0
0,0,0,0,0,0
0,0,0,0,0,0
0,0,0,0,0,0
0,0,0,0,0,0
0,0,0,0,0,0
0,0,0,0,0,0
0,0,0,0,0,0
0,0,0,0,0,0
0,0,0,0,0,0
0,0,0,0,0,0
0,0,0,0,0,0
0,0,0,0,0,0
0,0,0,0,0,0
0,0,0,0,0,0
0,0,0,0,0,0
0,0,0,0,0,0
0,0,0,0,0,0
0,0,0,0,0,0
0,0,0,0,0,0
0,0,0,0,0,0
0,0,0,0,0,0
0,0,0,0,0,0
0,0,0,0,0,0
0,0,0,0,0,0
0,0,0,0,0,0
0,0,0,0,0,0
0,0,0,0,0,0
0,0,0,0,0,0
0,0,0,0,0,0
0,0,0,0,0,0
0,0,0,0,0,0
0,0,0,0,0,0
0,0,0,0,0,0
0,0,0,0,0,0
0,0,0,0,0,0
0,0,0,0,0,0
0,0,0,0,0,0
0,0,0,0,0,0
0,0,0,0,0,0
0,0,0,0,0,0
0,0,0,0,0,0
0,0,0,0,0,0
0,0,0,0,0,0
0,0,0,0,0,0
0,0,0,0,0,0
0,0,0,0,0,0
0,0,0,0,0,0
0,0,0,0,0,0
0,0,0,0,0,0
0,0,0,0,0,0
0,0,0,0,0,0
0,0,0,0,0,0
0,0,0,0,0,0
0,0,0,0,0,0
0,0,0,0,0,0
0,0,0,0,0,0
0,0,0,0,0,0
0,0,0,0,0,0
0,0,0,0,0,0
0,0,0,0,0,0
0,0,0,0,0,0
0,0,0,0,0,0
0,0,0,0,0,0
0,0,0,0,0,0
0,0,0,0,0,0
0,0,0,0,0,0
0,0,0,0,0,0
0,0,0,0,0,0
0,0,0,0,0,0
0,0,0,0,0,0
0,0,0,0,0,0
0,0,0,0,0,0
0,0,0,0,0,0
0,0,0,0,0,0
0,0,0,0,0,0
0,0,0,0,0,0
0,0,0,0,0,0
0,0,0,0,0,0
0,0,0,0,0,0
0,0,0,0,0,0
0,0,0,0,0,0
0,0,0,0,0,0
0,0,0,0,0,0
0,0,0,0,0,0
0,0,0,0,0,0
0,0,0,0,0,0
0,0,0,0,0,0
0,0,0,0,0,0
0,0,0,0,0,0
0,0,0,0,0,0
0,0,0,0,0,0
0,0,0,0,0,0
0,0,0,0,0,0
0,0,0,0,0,0
0,0,0,0,0,0
0,0,0,0,0,0
0,0,0,0,0,0
0,0,0,0,0,0
0,0,0,0,0,0
0,0,0,0,0,0
0,0,0,0,0,0
0,0,0,0,0,0
0,0,0,0,0,0
0,0,0,0,0,0
0,0,0,0,0,0
0,0,0,0,0,0
0,0,0,0,0,0
0,0,0,0,0,0
0,0,0,0,0,0
0,0,0,0,0,0
0,0,0,0,0,0
0,0,0,0,0,0
0,0,0,0,0,0
0,0,0,0,0,0
0,0,0,0,0,0
0,0,0,0,0,0
0,0,0,0,0,0
0,0,0,0,0,0
0,0,0,0,0,0
0,0,0,0,0,0
0,0,0,0,0,0
0,0,0,0,0,0
0,0,0,0,0,0
0,0,0,0,0,0
0,0,0,0,0,0
0,0,0,0,0,0
0,0,0,0,0,0
0,0,0,0,0,0
0,0,0,0,0,0
0,0,0,0,0,0
0,0,0,0,0,0
0,0,0,0,0,0
0,0,0,0,0,0
0,0,0,0,0,0
0,0,0,0,0,0
0,0,0,0,0,0
0,0,0,0,0,0
0,0,0,0,0,0
0,0,0,0,0,0
0,0,0,0,0,0
0,0,0,0,0,0
0,0,0,0,0,0
0,0,0,0,0,0
0,0,0,0,0,0
0,0,0,0,0,0
0,0,0,0,0,0
0,0,0,0,0,0
0,0,0,0,0,0
0,0,0,0,0,0
0,0,0,0,0,0
0,0,0,0,0,0
0,0,0,0,0,0
0,0,0,0,0,0
0,0,0,0,0,0
0,0,0,0,0,0
0,0,0,0,0,0
0,0,0,0,0,0
0,0,0,0,0,0
0,0,0,0,0,0
0,0,0,0,0,0
0,0,0,0,0,0
0,0,0,0,0,0
0,0,0,0,0,0
0,0,0,0,0,0
0,0,0,0,0,0
0,0,0,0,0,0
0,0,0,0,0,0
0,0,0,0,0,0
0,0,0,0,0,0
0,0,0,0,0,0
0,0,0,0,0,0
0,0,0,0,0,0
0,0,0,0,0,0
0,0,0,0,0,0
0,0,0,0,0,0
0,0,0,0,0,0
0,0,0,0,0,0
0,0,0,0,0,0
0,0,0,0,0,0
0,0,0,0,0,0
0,0,0,0,0,0
0,0,0,0,0,0
0,0,0,0,0,0
0,0,0,0,0,0
0,0,0,0,0,0
0,0,0,0,0,0
0,0,0,0,0,0
0,0,0,0,0,0
0,0,0,0,0,0
0,0,0,0,0,0
0,0,0,0,0,0
0,0,0,0,0,0
0,0,0,0,0,0
0,0,0,0,0,0
0,0,0,0,0,0
-1,-1,-1,-1,-1,-1
0,0,0,0,0,0
0,0,0,0,0,0
-1,-1,-1,-1,-1,-1
0,0,0,0,0,0
0,0,0,0,0,0
0,0,0,0,0,0
0,0,0,0,0,0
0,0,0,0,0,0
0,0,0,0,0,0
0,0,0,0,0,0
-1,-1,-1,-1,-1,-1
0,0,0,0,0,0
0,0,0,0,0,0
0,0,0,0,0,0
0,0,0,0,0,0
0,0,0,0,0,0
0,0,0,0,0,0
0,0,0,0,0,0
0,0,0,0,0,0
0,0,0,0,0,0
0,0,0,0,0,0
0,0,0,0,0,0
0,0,0,0,0,0
0,0,0,0,0,0
0,0,0,0,0,0
0,0,0,0,0,0
0,0,0,0,0,0
0,0,0,0,0,0
0,0,0,0,0,0
0,0,0,0,0,0
0,0,0,0,0,0
0,0,0,0,0,0
0,0,0,0,0,0
-1,-1,-1,-1,-1,-1
0,0,0,0,0,0
0,0,0,0,0,0
0,0,0,0,0,0
0,0,0,0,0,0
0,0,0,0,0,0
0,0,0,0,0,0
0,0,0,0,0,0
0,0,0,0,0,0
0,0,0,0,0,0
0,0,0,0,0,0
0,0,0,0,0,0
0,0,0,0,0,0
-1,-1,-1,-1,-1,-1
0,0,0,0,0,0
0,0,0,0,0,0
0,0,0,0,0,0
0,0,0,0,0,0
0,0,0,0,0,0
0,0,0,0,0,0
0,0,0,0,0,0
0,0,0,0,0,0
0,0,0,0,0,0
0,0,0,0,0,0
0,0,0,0,0,0
0,0,0,0,0,0
0,0,0,0,0,0
0,0,0,0,0,0
0,0,0,0,0,0
0,0,0,0,0,0
0,0,0,0,0,0
0,0,0,0,0,0
0,0,0,0,0,0
0,0,0,0,0,0
0,0,0,0,0,0
0,0,0,0,0,0
0,0,0,0,0,0
0,0,0,0,0,0
0,0,0,0,0,0
0,0,0,0,0,0
0,0,0,0,0,0
0,0,0,0,0,0
0,0,0,0,0,0
0,0,0,0,0,0
0,0,0,0,0,0
0,0,0,0,0,0
0,0,0,0,0,0
0,0,0,0,0,0
0,0,0,0,0,0
0,0,0,0,0,0
0,0,0,0,0,0
0,0,0,0,0,0
0,0,0,0,0,0
0,0,0,0,0,0
0,0,0,0,0,0
0,0,0,0,0,0
0,0,0,0,0,0
0,0,0,0,0,0
0,0,0,0,0,0
0,0,0,0,0,0
0,0,0,0,0,0
0,0,0,0,0,0
0,0,0,0,0,0
0,0,0,0,0,0
0,0,0,0,0,0
0,0,0,0,0,0
0,0,0,0,0,0
0,0,0,0,0,0
0,0,0,0,0,0
0,0,0,0,0,0
0,0,0,0,0,0
0,0,0,0,0,0
0,0,0,0,0,0
0,0,0,0,0,0
0,0,0,0,0,0
0,0,0,0,0,0
0,0,0,0,0,0
0,0,0,0,0,0
0,0,0,0,0,0
0,0,0,0,0,0
0,0,0,0,0,0
0,0,0,0,0,0
0,0,0,0,0,0
0,0,0,0,0,0
0,0,0,0,0,0
0,0,0,0,0,0
0,0,0,0,0,0
0,0,0,0,0,0
0,0,0,0,0,0
0,0,0,0,0,0
0,0,0,0,0,0
0,0,0,0,0,0
0,0,0,0,0,0
0,0,0,0,0,0
0,0,0,0,0,0
0,0,0,0,0,0
0,0,0,0,0,0
0,0,0,0,0,0
0,0,0,0,0,0
0,0,0,0,0,0
0,0,0,0,0,0
0,0,0,0,0,0
0,0,0,0,0,0
0,0,0,0,0,0
0,0,0,0,0,0
0,0,0,0,0,0
0,0,0,0,0,0
0,0,0,0,0,0
0,0,0,0,0,0
0,0,0,0,0,0
0,0,0,0,0,0
0,0,0,0,0,0
0,0,0,0,0,0
0,0,0,0,0,0
0,0,0,0,0,0
0,0,0,0,0,0
0,0,0,0,0,0
0,0,0,0,0,0
0,0,0,0,0,0
0,0,0,0,0,0
0,0,0,0,0,0
0,0,0,0,0,0
0,0,0,0,0,0
0,0,0,0,0,0
0,0,0,0,0,0
0,0,0,0,0,0
0,0,0,0,0,0
0,0,0,0,0,0
0,0,0,0,0,0
0,0,0,0,0,0
0,0,0,0,0,0
0,0,0,0,0,0
0,0,0,0,0,0
0,0,0,0,0,0
0,0,0,0,0,0
0,0,0,0,0,0
0,0,0,0,0,0
0,0,0,0,0,0
0,0,0,0,0,0
0,0,0,0,0,0
0,0,0,0,0,0
0,0,0,0,0,0
0,0,0,0,0,0
0,0,0,0,0,0
0,0,0,0,0,0
0,0,0,0,0,0
0,0,0,0,0,0
0,0,0,0,0,0
0,0,0,0,0,0
0,0,0,0,0,0
0,0,0,0,0,0
0,0,0,0,0,0
0,0,0,0,0,0
0,0,0,0,0,0
0,0,0,0,0,0
0,0,0,0,0,0
0,0,0,0,0,0
0,0,0,0,0,0
0,0,0,0,0,0
0,0,0,0,0,0
0,0,0,0,0,0
0,0,0,0,0,0
0,0,0,0,0,0
0,0,0,0,0,0
0,0,0,0,0,0
0,0,0,0,0,0
0,0,0,0,0,0
0,0,0,0,0,0
0,0,0,0,0,0
0,0,0,0,0,0
0,0,0,0,0,0
0,0,0,0,0,0
0,0,0,0,0,0
0,0,0,0,0,0
0,0,0,0,0,0
0,0,0,0,0,0
0,0,0,0,0,0
0,0,0,0,0,0
0,0,0,0,0,0
0,0,0,0,0,0
0,0,0,0,0,0
0,0,0,0,0,0
0,0,0,0,0,0
0,0,0,0,0,0
0,0,0,0,0,0
0,0,0,0,0,0
0,0,0,0,0,0
0,0,0,0,0,0
0,0,0,0,0,0
0,0,0,0,0,0
0,0,0,0,0,0
0,0,0,0,0,0
0,0,0,0,0,0
0,0,0,0,0,0
0,0,0,0,0,0
0,0,0,0,0,0
0,0,0,0,0,0
0,0,0,0,0,0
0,0,0,0,0,0
0,0,0,0,0,0
0,0,0,0,0,0
0,0,0,0,0,0
0,0,0,0,0,0
0,0,0,0,0,0
0,0,0,0,0,0
0,0,0,0,0,0
0,0,0,0,0,0
0,0,0,0,0,0
0,0,0,0,0,0
0,0,0,0,0,0
0,0,0,0,0,0
0,0,0,0,0,0
0,0,0,0,0,0
0,0,0,0,0,0
0,0,0,0,0,0
0,0,0,0,0,0
0,0,0,0,0,0
0,0,0,0,0,0
0,0,0,0,0,0
0,0,0,0,0,0
0,0,0,0,0,0
0,0,0,0,0,0
0,0,0,0,0,0
0,0,0,0,0,0
0,0,0,0,0,0
0,0,0,0,0,0
0,0,0,0,0,0
0,0,0,0,0,0
0,0,0,0,0,0
0,0,0,0,0,0
0,0,0,0,0,0
0,0,0,0,0,0
0,0,0,0,0,0
0,0,0,0,0,0
0,0,0,0,0,0
0,0,0,0,0,0
0,0,0,0,0,0
0,0,0,0,0,0
0,0,0,0,0,0
0,0,0,0,0,0
0,0,0,0,0,0
0,0,0,0,0,0
0,0,0,0,0,0
0,0,0,0,0,0
0,0,0,0,0,0
0,0,0,0,0,0
0,0,0,0,0,0
0,0,0,0,0,0
0,0,0,0,0,0
0,0,0,0,0,0
0,0,0,0,0,0
0,0,0,0,0,0
0,0,0,0,0,0
0,0,0,0,0,0
0,0,0,0,0,0
0,0,0,0,0,0
0,0,0,0,0,0
0,0,0,0,0,0
0,0,0,0,0,0
0,0,0,0,0,0
0,0,0,0,0,0
0,0,0,0,0,0
0,0,0,0,0,0
0,0,0,0,0,0
0,0,0,0,0,0
0,0,0,0,0,0
0,0,0,0,0,0
0,0,0,0,0,0
0,0,0,0,0,0
0,0,0,0,0,0
0,0,0,0,0,0
0,0,0,0,0,0
0,0,0,0,0,0
0,0,0,0,0,0
0,0,0,0,0,0
0,0,0,0,0,0
0,0,0,0,0,0
0,0,0,0,0,0
0,0,0,0,0,0
0,0,0,0,0,0
0,0,0,0,0,0
0,0,0,0,0,0
0,0,0,0,0,0
0,0,0,0,0,0
0,0,0,0,0,0
0,0,0,0,0,0
0,0,0,0,0,0
0,0,0,0,0,0
0,0,0,0,0,0
0,0,0,0,0,0
0,0,0,0,0,0
0,0,0,0,0,0
0,0,0,0,0,0
0,0,0,0,0,0
0,0,0,0,0,0
0,0,0,0,0,0
0,0,0,0,0,0
0,0,0,0,0,0
0,0,0,0,0,0
0,0,0,0,0,0
0,0,0,0,0,0
0,0,0,0,0,0
0,0,0,0,0,0
0,0,0,0,0,0
0,0,0,0,0,0
0,0,0,0,0,0
0,0,0,0,0,0
0,0,0,0,0,0
0,0,0,0,0,0
0,0,0,0,0,0
0,0,0,0,0,0
0,0,0,0,0,0
0,0,0,0,0,0
0,0,0,0,0,0
0,0,0,0,0,0
0,0,0,0,0,0
0,0,0,0,0,0
0,0,0,0,0,0
0,0,0,0,0,0
0,0,0,0,0,0
0,0,0,0,0,0
0,0,0,0,0,0
0,0,0,0,0,0
0,0,0,0,0,0
0,0,0,0,0,0
0,0,0,0,0,0
0,0,0,0,0,0
0,0,0,0,0,0
0,0,0,0,0,0
0,0,0,0,0,0
0,0,0,0,0,0
0,0,0,0,0,0
0,0,0,0,0,0
0,0,0,0,0,0
0,0,0,0,0,0
0,0,0,0,0,0
0,0,0,0,0,0
0,0,0,0,0,0
0,0,0,0,0,0
0,0,0,0,0,0
0,0,0,0,0,0
-1,-1,-1,-1,-1,-1
0,0,0,0,0,0
0,0,0,0,0,0
0,0,0,0,0,0
0,0,0,0,0,0
0,0,0,0,0,0
0,0,0,0,0,0
0,0,0,0,0,0
0,0,0,0,0,0
0,0,0,0,0,0
0,0,0,0,0,0
0,0,0,0,0,0
0,0,0,0,0,0
0,0,0,0,0,0
0,0,0,0,0,0
0,0,0,0,0,0
0,0,0,0,0,0
0,0,0,0,0,0
0,0,0,0,0,0
0,0,0,0,0,0
0,0,0,0,0,0
0,0,0,0,0,0
0,0,0,0,0,0
0,0,0,0,0,0
0,0,0,0,0,0
0,0,0,0,0,0
0,0,0,0,0,0
0,0,0,0,0,0
0,0,0,0,0,0
0,0,0,0,0,0
0,0,0,0,0,0
0,0,0,0,0,0
0,0,0,0,0,0
0,0,0,0,0,0
0,0,0,0,0,0
0,0,-253,-1,-1,-1
0,0,0,-1,-1,-1
0,0,0,-193,-1,-1
0,0,0,-129,-1,-1
0,0,0,-1,-1,-1
0,0,0,-1,-1,-1
0,0,0,-1,-1,-1
0,0,1024,-1,-1,-1
0,0,0,-1,-1,-1
0,0,0,-1,-1,-1
-1,-1,-1,-1,-1,-1
-1,-1,-1,-1,-1,-1
-1,-1,-1,-1,-1,-1
-1,-1,-1,-1,-1,-1
-1,-1,-1,-1,-1,-1
-1,-1,-1,-1,-1,-1
0,0,-241,-1,-1,-1
-1,-1,-1,-1,-1,-1
0,0,0,0,0,0
0,0,0,0,0,0
0,0,0,0,0,0
0,0,0,0,0,0
0,0,0,0,0,0
0,0,0,0,0,0
0,0,0,0,0,0
0,0,0,0,0,0
0,0,0,0,0,0
0,0,0,0,0,0
0,0,0,0,0,0
0,0,0,0,0,0
0,0,0,0,0,0
0,0,0,0,0,0
0,0,0,0,0,0
0,0,0,0,0,0
0,0,0,0,0,0
0,0,0,0,0,0
0,0,0,0,0,0
0,0,0,0,0,0
-1,-1,-1,-1,-1,-1
0,0,0,0,0,0
-1,-1,-1,-1,-1,-1
0,0,0,0,0,0
0,0,0,0,0,0
0,0,0,0,0,0
0,0,0,0,0,0
0,0,0,0,0,0
0,0,0,0,0,0
0,0,0,0,0,0
0,0,0,0,0,0
0,0,0,0,0,0
0,0,0,0,0,0
0,0,0,0,0,0
0,0,0,0,0,0
0,0,0,0,0,0
0,0,0,0,0,0
0,0,0,0,0,0
0,0,0,0,0,0
0,0,0,0,0,0
0,0,0,0,0,0
-1,-1,-1,-1,-1,-1
-1,-1,-1,-1,-1,-1
0,0,0,0,0,0
0,0,0,0,0,0
0,0,0,0,0,0
0,0,0,0,0,0
0,0,0,0,0,0
0,0,0,0,0,0
0,0,0,0,0,0
0,0,0,0,0,0
0,0,0,0,0,0
0,0,0,0,0,0
0,0,0,0,0,0
0,0,0,0,0,0
0,0,0,0,0,0
0,0,0,0,0,0
0,0,0,0,0,0
0,0,0,0,0,0
0,0,0,0,0,0
0,0,0,0,0,0
0,0,0,0,0,0
0,0,0,0,0,0
0,0,0,0,0,0
0,0,0,0,0,0
0,0,0,0,0,0
0,0,0,0,0,0
0,0,0,0,0,0
0,0,0,0,0,0
0,0,0,0,0,0
0,0,0,0,0,0
0,0,0,0,0,0
0,0,0,0,0,0
0,0,0,0,0,0
0,0,0,0,0,0
0,0,0,0,0,0
0,0,0,0,0,0
0,0,0,0,0,0
0,0,0,0,0,0
0,0,0,0,0,0
0,0,0,0,0,0
0,0,0,0,0,0
0,0,0,0,0,0
0,0,0,0,0,0
0,0,0,0,0,0
0,0,0,0,0,0
0,0,0,0,0,0
0,0,0,0,0,0
0,0,0,0,0,0
0,0,0,0,0,0
0,0,0,0,0,0
0,0,0,0,0,0
0,0,0,0,0,0
0,0,0,0,0,0
0,0,0,0,0,0
-1,-1,-1,-1,-1,-1
0,0,0,0,0,0
0,0,0,0,0,0
0,0,0,0,0,0
0,0,0,0,0,0
0,0,0,0,0,0
0,0,0,0,0,0
0,0,0,0,0,0
0,0,0,0,0,0
0,0,0,0,0,0
0,0,0,0,0,0
0,0,0,0,0,0
0,0,0,0,0,0
0,0,0,0,0,0
0,0,0,0,0,0
0,0,0,0,0,0
-1,-1,-1,-1,-1,-1
0,0,0,0,0,0
0,0,0,0,0,0
0,0,0,0,0,0
0,0,0,0,0,0
0,0,0,0,0,0
0,0,0,0,0,0
-1,-1,-1,-1,-1,-1
0,0,0,0,0,0
0,0,0,0,0,0
0,0,0,0,0,0
0,0,0,0,0,0
0,0,0,0,0,0
0,0,0,0,0,0
-1,-1,-1,-1,-1,-1
0,0,0,0,0,0
0,0,0,0,0,0
0,0,0,0,0,0
0,0,0,0,0,0
0,0,0,0,0,0
0,0,0,0,0,0
0,0,0,0,0,0
0,0,0,0,0,0
0,0,0,0,0,0
0,0,0,0,0,0
0,0,0,0,0,0
0,0,0,0,0,0
0,0,0,0,0,0
0,0,0,0,0,0
0,0,0,0,0,0
0,0,0,0,0,0
0,0,0,0,0,0
0,0,0,0,0,0
0,0,0,0,0,0
0,0,0,0,0,0
0,0,0,0,0,0
0,0,0,0,0,0
0,0,0,0,0,0
0,0,0,0,0,0
0,0,0,0,0,0
0,0,0,0,0,0
0,0,0,0,0,0
0,0,0,0,0,0
0,0,0,0,0,0
0,0,0,0,0,0
0,0,0,0,0,0
0,0,0,0,0,0
0,0,0,0,0,0
0,0,0,0,0,0
0,0,0,0,0,0
0,0,0,0,0,0
-1,-1,-1,-1,-1,-1
0,0,0,0,0,0
0,0,0,0,0,0
0,0,0,0,0,0
0,0,0,0,0,0
0,0,0,0,0,0
0,0,0,0,0,0
0,0,0,0,0,0
0,0,0,0,0,0
0,0,0,0,0,0
0,0,0,0,0,0
-1,-1,-1,-1,-1,-1
0,0,0,0,0,0
0,0,0,0,0,0
0,0,0,0,0,0
0,0,0,0,0,0
0,0,0,0,0,0
0,0,0,0,0,0
0,0,0,0,0,0
0,0,0,0,0,0
0,0,0,0,0,0
0,0,0,0,0,0
0,0,0,0,0,0
0,0,0,0,0,0
0,0,0,0,0,0
0,0,0,0,0,0
0,0,0,0,0,0
0,0,0,0,0,0
0,0,0,0,0,0
0,0,0,0,0,0
0,0,0,0,0,0
0,0,0,0,0,0
0,0,0,0,0,0
0,0,0,0,0,0
0,0,0,0,0,0
0,0,0,0,0,0
0,0,0,0,0,0
0,0,0,0,0,0
0,0,0,0,0,0
0,0,0,0,0,0
0,0,0,0,0,0
0,0,0,0,0,0
0,0,0,0,0,0
0,0,0,0,0,0
0,0,0,0,0,0
0,0,0,0,0,0
0,0,0,0,0,0
0,0,0,0,0,0
0,0,0,0,0,0
0,0,0,0,0,0
0,0,0,0,0,0
0,0,0,0,0,0
0,0,0,0,0,0
0,0,0,0,0,0
0,0,0,0,0,0
0,0,0,0,0,0
0,0,0,0,0,0
0,0,0,0,0,0
0,0,0,0,0,0
0,0,0,0,0,0
0,0,0,0,0,0
0,0,0,0,0,0
0,0,0,0,0,0
0,0,0,0,0,0
0,0,0,0,0,0
0,0,0,0,0,0
0,0,0,0,0,0
0,0,0,0,0,0
0,0,0,0,0,0
0,0,0,0,0,0
0,0,0,0,0,0
0,0,0,0,0,0
-1,-1,-1,-1,-1,-1
0,0,0,0,0,0
0,0,0,0,0,0
0,0,0,0,0,0
0,0,0,0,0,0
0,0,0,0,0,0
0,0,0,0,0,0
0,0,0,0,0,0
0,0,0,0,0,0
0,0,0,0,0,0
0,0,0,0,0,0
0,0,0,0,0,0
0,0,0,0,0,0
0,0,0,0,0,0
0,0,0,0,0,0
0,0,0,0,0,0
0,0,0,0,0,0
0,0,0,0,0,0
0,0,0,0,0,0
0,0,0,0,0,0
0,0,0,0,0,0
0,0,0,0,0,0
0,0,0,0,0,0
0,0,0,0,0,0
0,0,0,0,0,0
0,0,0,0,0,0
0,0,0,0,0,0
-1,-1,-1,-1,-1,-1
-1,-1,-1,-1,-1,-1
-1,-1,-1,-1,-1,-1
-1,-1,-1,-1,-1,-1
-1,-1,-1,-1,-1,-1
-1,-1,-1,-1,-1,-1
-1,-1,-1,-1,-1,-1
-1,-1,-1,-1,-1,-1
-1,-1,-1,-1,-1,-1
-1,-1,-1,-1,-1,-1
-1,-1,-1,-1,-1,-1
-1,-1,-1,-1,-1,-1
-1,-1,-1,-1,-1,-1
0,0,0,0,0,0
0,0,0,0,0,0
0,0,0,0,0,0
0,0,0,0,0,0
-1,-1,-1,-1,-1,-1
-1,-1,-1,-1,-1,-1
-1,-1,-1,-1,-1,-1
-1,-1,-1,-1,-1,-1
-1,-1,-1,-1,-1,-1
-1,-1,-1,-1,-1,-1
-1,-1,-1,-1,-1,-1
-1,-1,-1,-1,-1,-1
-1,-1,-1,-1,-1,-1
-1,-1,-1,-1,-1,-1
-1,-1,-1,-1,-1,-1
-1,-1,-1,-1,-1,-1
0,0,0,0,0,0
0,0,0,0,0,0
0,0,0,0,0,0
0,0,0,0,0,0
-1,-1,-1,-1,-1,-1
-1,-1,-1,-1,-1,-1
-1,-1,-1,-1,-1,-1
0,0,0,0,0,0
-1,-1,-1,-1,-1,-1
-1,-1,-1,-1,-1,-1
-1,-1,-1,-1,-1,-1
-1,-1,-1,-1,-1,-1
-1,-1,-1,-1,-1,-1
-1,-1,-1,-1,-1,-1
-1,-1,-1,-1,-1,-1
-1,-1,-1,-1,-1,-1
-1,-1,-1,-1,-1,-1
-1,-1,-1,-1,-1,-1
-1,-1,-1,-1,-1,-1
-1,-1,-1,-1,-1,-1
-1,-1,-1,-1,-1,-1
-1,-1,-1,-1,-1,-1
0,0,0,0,0,0
0,0,0,0,0,0
0,0,0,0,0,0
0,0,0,0,0,0
0,0,0,0,0,0
0,0,0,0,0,0
0,0,0,0,0,0
-1,-1,-1,-1,-1,-1
-1,-1,-1,0,0,0
-1,-1,-1,-1,-1,-1
-1,-1,-1,-1,-1,-1
-1,-1,-1,-1,-1,-1
-1,-1,-1,-1,-1,-1
-1,-1,-1,-1,-1,-1
-1,-1,-1,-1,-1,-1
-1,-1,-1,-1,-1,-1
-1,-1,-1,-1,-1,-1
-1,-1,-1,-1,-1,-1
-1,-1,-1,-1,-1,-1
-1,-1,-1,-1,-1,-1
-1,-1,-1,-1,-1,-1
-1,-1,-1,-1,-1,-1
-1,-1,-1,-1,-1,-1
-1,-1,-1,-1,-1,-1
-1,-1,-1,-1,-1,-1
-1,-1,-1,-1,-1,-1
-1,-1,-1,-1,-1,-1
-1,-1,-1,-1,-1,-1
-1,-1,-1,-1,-1,-1
-1,-1,-1,-1,-1,-1
-1,-1,-1,-1,-1,-1
-1,-1,-1,-1,-1,-1
-1,-1,-1,-1,-1,-1
-1,-1,-1,-1,-1,-1
0,0,0,0,0,0
0,0,0,0,0,0
0,0,0,0,0,0
0,0,0,0,0,0
0,0,0,0,0,0
0,0,0,0,0,0
0,0,0,0,0,0
0,0,0,0,0,0
0,0,0,0,0,0
0,0,0,0,0,0
0,0,0,0,0,0
0,0,0,0,0,0
0,0,0,0,0,0
0,0,0,0,0,0
0,0,0,0,0,0
0,0,0,0,0,0
0,0,0,0,0,0
0,0,0,0,0,0
0,0,0,0,0,0
0,0,0,0,0,0
0,0,0,0,0,0
0,0,0,0,0,0
0,0,0,0,0,0
0,0,0,0,0,0
0,0,0,0,0,0
0,0,0,0,0,0
0,0,0,0,0,0
0,0,0,0,0,0
0,0,0,0,0,0
0,0,0,0,0,0
0,0,0,0,0,0
0,0,0,0,0,0
0,0,0,0,0,0
0,0,0,0,0,0
0,0,0,0,0,0
0,0,0,0,0,0
0,0,0,0,0,0
0,0,0,0,0,0
0,0,0,0,0,0
0,0,0,0,0,0
0,0,0,0,0,0
0,0,0,0,0,0
0,0,0,0,0,0
0,0,0,0,0,0
0,0,0,0,0,0
0,0,0,0,0,0
0,0,0,0,0,0
0,0,0,0,0,0
0,0,0,0,0,0
0,0,0,0,0,0
0,0,0,0,0,0
0,0,0,0,0,0
0,0,0,0,0,0
0,0,0,0,0,0
0,0,0,0,0,0
0,0,0,0,0,0
0,0,0,0,0,0
0,0,0,0,0,0
0,0,0,0,0,0
0,0,0,0,0,0
0,0,0,0,0,0
0,0,0,0,0,0
0,0,0,0,0,0
-1,-1,-1,-1,-1,-1
0,0,0,0,0,0
0,0,0,0,0,0
0,0,0,0,0,0
0,0,0,0,0,0
0,0,0,0,0,0
0,0,0,0,0,0
0,0,0,0,0,0
0,0,0,0,0,0
0,0,0,0,0,0
0,0,0,0,0,0
0,0,0,0,0,0
0,0,0,0,0,0
0,0,0,0,0,0
0,0,0,0,0,0
0,0,0,-1,-1,-1
-1,-1,-1,-1,-1,-1
-1,-1,-1,-1,-1,-1
-1,-1,-1,-1,-1,-1
-1,-1,-1,-1,-1,-1
-1,-1,-1,-1,-1,-1
-1,-1,-1,-1,-1,-1
-1,-1,-1,-1,-1,-1
-1,-1,-1,-1,-1,-1
-1,-1,-1,-1,-1,-1
-1,-1,-1,-1,-1,-1
-1,-1,-1,-1,-1,-1
-1,-1,-1,-1,-1,-1
-1,-1,-1,-1,-1,-1
-1,-1,-1,-1,-1,-1
-1,-1,-1,-1,-1,-1
-1,-1,-1,-1,-1,-1
-1,-1,-1,-1,-1,-1
-1,-1,-1,-1,-1,-1
-1,-1,-1,-1,-1,-1
-1,-1,-1,-1,-1,-1
-1,-1,-1,-1,-1,-1
-1,-1,-1,-1,-1,-1
-1,-1,-1,-1,-1,-1
-1,-1,-1,-1,-1,-1
-1,-1,-1,-1,-1,-1
-1,-1,-1,-1,-1,-1
-1,-1,-1,-1,-1,-1
-1,-1,-1,-1,-1,-1
-1,-1,-1,-1,-1,-1
-1,-1,-1,-1,-1,-1
-1,-1,-1,-1,-1,-1
-1,-1,-1,-1,-1,-1
-1,-1,-1,-1,-1,-1
-1,-1,-1,-1,-1,-1
-1,-1,-1,-1,-1,-1
-1,-1,-1,-1,-1,-1
-1,-1,-1,-1,-1,-1
-1,-1,-1,-1,-1,-1
-1,-1,-1,-1,-1,-1
-1,-1,-1,-1,-1,-1
-1,-1,-1,-1,-1,-1
-1,-1,-1,-1,-1,-1
-1,-1,-1,-1,-1,-1
-1,-1,-1,-1,-1,-1
-1,-1,-1,-1,-1,-1
-1,-1,-1,-1,-1,-1
-1,-1,-1,-1,-1,-1
-1,-1,-1,-1,-1,-1
-1,-1,-1,-1,-1,-1
-1,-1,-1,-1,-1,-1
-1,-1,-1,-1,-1,-1
-1,-1,-1,-1,-1,-1
-1,-1,-1,-1,-1,-1
-1,-1,-1,-1,-1,-1
-1,-1,-1,-1,-1,-1
-1,-1,-1,-1,-1,-1
-1,-1,-1,-1,-1,-1
-1,-1,-1,-1,-1,-1
-1,-1,-1,-1,-1,-1
-1,-1,-1,-1,-1,-1
-1,-1,-1,-1,-1,-1
-1,-1,-1,-1,-1,-1
-1,-1,-1,-1,-1,-1
-1,-1,-1,-1,-1,-1
-1,-1,-1,-1,-1,-1
-1,-1,-1,-1,-1,-1
-1,-1,-1,-1,-1,-1
-1,-1,-1,-1,-1,-1
-1,-1,-1,-1,-1,-1
-1,-1,-1,-1,-1,-1
-1,-1,-1,-1,-1,-1
-1,-1,-1,-1,-1,-1
-1,-1,-1,-1,-1,-1
-1,-1,-1,-1,-1,-1
-1,-1,-1,-1,-1,-1
-1,-1,-1,-1,-1,-1
-1,-1,-1,-1,-1,-1
-1,-1,-1,-1,-1,-1
-1,-1,-1,-1,-1,-1
-1,-1,-1,-1,-1,-1
-1,-1,-1,-1,-1,-1
-1,-1,-1,-1,-1,-1
-1,-1,-1,-1,-1,-1
-1,-1,-1,-1,-1,-1
-1,-1,-1,-1,-1,-1
-1,-1,-1,-1,-1,-1
-1,-1,-1,-1,-1,-1
-1,-1,-1,-1,-1,-1
-1,-1,-1,-1,-1,-1
-1,-1,-1,-1,-1,-1
-1,-1,-1,-1,-1,-1
-1,-1,-1,-1,-1,-1
-1,-1,-1,-1,-1,-1
-1,-1,-1,-1,-1,-1
-1,-1,-1,-1,-1,-1
-1,-1,-1,-1,-1,-1
-1,-1,-1,-1,-1,-1
-1,-1,-1,-1,-1,-1
-1,-1,-1,-1,-1,-1
-1,-1,-1,-1,-1,-1
-1,-1,-1,-1,-1,-1
-1,-1,-1,-1,-1,-1
-1,-1,-1,-1,-1,-1
-1,-1,-1,-1,-1,-1
-1,-1,-1,-1,-1,-1
-1,-1,-1,-1,-1,-1
-1,-1,-1,-1,-1,-1
-1,-1,-1,-1,-1,-1
-1,-1,-1,-1,-1,-1
-1,-1,-1,-1,-1,-1
-1,-1,-1,-1,-1,-1
-1,-1,-1,-1,-1,-1
-1,-1,-1,-1,-1,-1
-1,-1,-1,-1,-1,-1
-1,-1,-1,-1,-1,-1
-1,-1,-1,-1,-1,-1
-1,-1,-1,-1,-1,-1
-1,-1,-1,-1,-1,-1
-1,-1,-1,-1,-1,-1
-1,-1,-1,-1,-1,-1
-1,-1,-1,-1,-1,-1
-1,-1,-1,-1,-1,-1
-1,-1,-1,-1,-1,-1
-1,-1,-1,-1,-1,-1
-1,-1,-1,-1,-1,-1
-1,-1,-1,-1,-1,-1
-1,-1,-1,-1,-1,-1
-1,-1,-1,-1,-1,-1
-1,-1,-1,-1,-1,-1
-1,-1,-1,-1,-1,-1
-1,-1,-1,-1,-1,-1
-1,-1,-1,-1,-1,-1
-1,-1,-1,-1,-1,-1
-1,-1,-1,-1,-1,-1
-1,-1,-1,-1,-1,-1
-1,-1,-1,-1,-1,-1
-1,-1,-1,-1,-1,-1
-1,-1,-1,-1,-1,-1
-1,-1,-1,-1,-1,-1
-1,-1,-1,-1,-1,-1
-1,-1,-1,-1,-1,-1
-1,-1,-1,-1,-1,-1
-1,-1,-1,-1,-1,-1
-1,-1,-1,-1,-1,-1
-1,-1,-1,-1,-1,-1
-1,-1,-1,-1,-1,-1
-1,-1,-1,-1,-1,-1
-1,-1,-1,-1,-1,-1
-1,-1,-1,-1,-1,-1
-1,-1,-1,-1,-1,-1
-1,-1,-1,-1,-1,-1
-1,-1,-1,-1,-1,-1
-1,-1,-1,-1,-1,-1
-1,-1,-1,-1,-1,-1
-1,-1,-1,-1,-1,-1
-1,-1,-1,-1,-1,-1
-1,-1,-1,-1,-1,-1
-1,-1,-1,-1,-1,-1
-1,-1,-1,-1,-1,-1
-1,-1,-1,-1,-1,-1
-1,-1,-1,-1,-1,-1
-1,-1,-1,-1,-1,-1
-1,-1,-1,-1,-1,-1
-1,-1,-1,-1,-1,-1
-1,-1,-1,-1,-1,-1
-1,-1,-1,-1,-1,-1
-1,-1,-1,-1,-1,-1
-1,-1,-1,-1,-1,-1
-1,-1,-1,-1,-1,-1
-1,-1,-1,-1,-1,-1
-1,-1,-1,-1,-1,-1
-1,-1,-1,-1,-1,-1
-1,-1,-1,-1,-1,-1
-1,-1,-1,-1,-1,-1
-1,-1,-1,-1,-1,-1
-1,-1,-1,-1,-1,-1
-1,-1,-1,-1,-1,-1
-1,-1,-1,-1,-1,-1
-1,-1,-1,-1,-1,-1
-1,-1,-1,-1,-1,-1
-1,-1,-1,-1,-1,-1
-1,-1,-1,-1,-1,-1
-1,-1,-1,-1,-1,-1
-1,-1,-1,-1,-1,-1
-1,-1,-1,-1,-1,-1
-1,-1,-1,-1,-1,-1
-1,-1,-1,-1,-1,-1
-1,-1,-1,-1,-1,-1
-1,-1,-1,-1,-1,-1
-1,-1,-1,-1,-1,-1
-1,-1,-1,-1,-1,-1
-1,-1,-1,-1,-1,-1
-1,-1,-1,-1,-1,-1
-1,-1,-1,-1,-1,-1
-1,-1,-1,-1,-1,-1
-1,-1,-1,-1,-1,-1
-1,-1,-1,-1,-1,-1
-1,-1,-1,-1,-1,-1
-1,-1,-1,-1,-1,-1
-1,-1,-1,-1,-1,-1
-1,-1,-1,-1,-1,-1
-1,-1,-1,-1,-1,-1
-1,-1,-1,-1,-1,-1
-1,-1,-1,-1,-1,-1
-1,-1,-1,-1,-1,-1
-1,-1,-1,-1,-1,-1
-1,-1,-1,-1,-1,-1
-1,-1,-1,-1,-1,-1
-1,-1,-1,-1,-1,-1
-1,-1,-1,-1,-1,-1
-1,-1,-1,-1,-1,-1
-1,-1,-1,-1,-1,-1
-1,-1,-1,-1,-1,-1
-1,-1,-1,-1,-1,-1
-1,-1,-1,-1,-1,-1
-1,-1,-1,-1,-1,-1
-1,-1,-1,-1,-1,-1
-1,-1,-1,-1,-1,-1
-1,-1,-1,-1,-1,-1
-1,-1,-1,-1,-1,-1
-1,-1,-1,-1,-1,-1
-1,-1,-1,-1,-1,-1
-1,-1,-1,-1,-1,-1
-1,-1,-1,-1,-1,-1
-1,-1,-1,-1,-1,-1
-1,-1,-1,-1,-1,-1
-1,-1,-1,-1,-1,-1
-1,-1,-1,-1,-1,-1
-1,-1,-1,-1,-1,-1
-1,-1,-1,-1,-1,-1
-1,-1,-1,-1,-1,-1
-1,-1,-1,-1,-1,-1
-1,-1,-1,-1,-1,-1
-1,-1,-1,-1,-1,-1
-1,-1,-1,-1,-1,-1
-1,-1,-1,-1,-1,-1
-1,-1,-1,-1,-1,-1
-1,-1,-1,-1,-1,-1
-1,-1,-1,-1,-1,-1
-1,-1,-1,-1,-1,-1
-1,-1,-1,-1,-1,-1
-1,-1,-1,-1,-1,-1
-1,-1,-1,-1,-1,-1
-1,-1,-1,-1,-1,-1
-1,-1,-1,-1,-1,-1
-1,-1,-1,-1,-1,-1
-1,-1,-1,-1,-1,-1
-1,-1,-1,-1,-1,-1
-1,-1,-1,-1,-1,-1
-1,-1,-1,-1,-1,-1
-1,-1,-1,-1,-1,-1
-1,-1,-1,-1,-1,-1
-1,-1,-1,-1,-1,-1
-1,-1,-1,-1,-1,-1
-1,-1,-1,-1,-1,-1
-1,-1,-1,-1,-1,-1
-1,-1,-1,-1,-1,-1
-1,-1,-1,-1,-1,-1
-1,-1,-1,-1,-1,-1
-1,-1,-1,-1,-1,-1
-1,-1,-1,-1,-1,-1
-1,-1,-1,-1,-1,-1
-1,-1,-1,-1,-1,-1
-1,-1,-1,-1,-1,-1
-1,-1,-1,-1,-1,-1
-1,-1,-1,-1,-1,-1
-1,-1,-1,-1,-1,-1
-1,-1,-1,-1,-1,-1
-1,-1,-1,-1,-1,-1
-1,-1,-1,-1,-1,-1
-1,-1,-1,-1,-1,-1
-1,-1,-1,-1,-1,-1
-1,-1,-1,-1,-1,-1
-1,-1,-1,-1,-1,-1
-1,-1,-1,-1,-1,-1
-1,-1,-1,-1,-1,-1
-1,-1,-1,-1,-1,-1
-1,-1,-1,-1,-1,-1
-1,-1,-1,-1,-1,-1
-1,-1,-1,-1,-1,-1
-1,-1,-1,-1,-1,-1
-1,-1,-1,-1,-1,-1
-1,-1,-1,-1,-1,-1
-1,-1,-1,-1,-1,-1
-1,-1,-1,-1,-1,-1
-1,-1,-1,-1,-1,-1
-1,-1,-1,-1,-1,-1
-1,-1,-1,-1,-1,-1
-1,-1,-1,-1,-1,-1
-1,-1,-1,-1,-1,-1
-1,-1,-1,-1,-1,-1
-1,-1,-1,-1,-1,-1
-1,-1,-1,-1,-1,-1
-1,-1,-1,-1,-1,-1
-1,-1,-1,-1,-1,-1
-1,-1,-1,-1,-1,-1
-1,-1,-1,-1,-1,-1
-1,-1,-1,-1,-1,-1
-1,-1,-1,-1,-1,-1
-1,-1,-1,-1,-1,-1
-1,-1,-1,-1,-1,-1
-1,-1,-1,-1,-1,-1
-1,-1,-1,-1,-1,-1
-1,-1,-1,-1,-1,-1
-1,-1,-1,-1,-1,-1
-1,-1,-1,-1,-1,-1
-1,-1,-1,-1,-1,-1
-1,-1,-1,-1,-1,-1
-1,-1,-1,-1,-1,-1
-1,-1,-1,-1,-1,-1
-1,-1,-1,-1,-1,-1
-1,-1,-1,-1,-1,-1
-1,-1,-1,-1,-1,-1
-1,-1,-1,-1,-1,-1
-1,-1,-1,-1,-1,-1
-1,-1,-1,-1,-1,-1
-1,-1,-1,-1,-1,-1
-1,-1,-1,-1,-1,-1
-1,-1,-1,-1,-1,-1
-1,-1,-1,-1,-1,-1
-1,-1,-1,-1,-1,-1
-1,-1,-1,-1,-1,-1
-1,-1,-1,-1,-1,-1
-1,-1,-1,-1,-1,-1
-1,-1,-1,-1,-1,-1
-1,-1,-1,-1,-1,-1
-1,-1,-1,-1,-1,-1
-1,-1,-1,-1,-1,-1
-1,-1,-1,-1,-1,-1
-1,-1,-1,-1,-1,-1
-1,-1,-1,-1,-1,-1
-1,-1,-1,-1,-1,-1
-1,-1,-1,-1,-1,-1
-1,-1,-1,-1,-1,-1
-1,-1,-1,-1,-1,-1
-1,-1,-1,-1,-1,-1
-1,-1,-1,-1,-1,-1
-1,-1,-1,-1,-1,-1
-1,-1,-1,-1,-1,-1
-1,-1,-1,-1,-1,-1
-1,-1,-1,-1,-1,-1
-1,-1,-1,-1,-1,-1
-1,-1,-1,-1,-1,-1
-1,-1,-1,-1,-1,-1
-1,-1,-1,-1,-1,-1
-1,-1,-1,-1,-1,-1
-1,-1,-1,-1,-1,-1
-1,-1,-1,-1,-1,-1
-1,-1,-1,-1,-1,-1
-1,-1,-1,-1,-1,-1
-1,-1,-1,-1,-1,-1
-1,-1,-1,-1,-1,-1
-1,-1,-1,-1,-1,-1
-1,-1,-1,-1,-1,-1
-1,-1,-1,-1,-1,-1
-1,-1,-1,-1,-1,-1
-1,-1,-1,-1,-1,-1
-1,-1,-1,-1,-1,-1
-1,-1,-1,-1,-1,-1
-1,-1,-1,-1,-1,-1
-1,-1,-1,-1,-1,-1
-1,-1,-1,-1,-1,-1
-1,-1,-1,-1,-1,-1
-1,-1,-1,-1,-1,-1
-1,-1,-1,-1,-1,-1
-1,-1,-1,-1,-1,-1
-1,-1,-1,-1,-1,-1
-1,-1,-1,-1,-1,-1
-1,-1,-1,-1,-1,-1
-1,-1,-1,-1,-1,-1
-1,-1,-1,-1,-1,-1
-1,-1,-1,-1,-1,-1
-1,-1,-1,-1,-1,-1
-1,-1,-1,-1,-1,-1
-1,-1,-1,-1,-1,-1
-1,-1,-1,-1,-1,-1
-1,-1,-1,-1,-1,-1
-1,-1,-1,-1,-1,-1
-1,-1,-1,-1,-1,-1
-1,-1,-1,-1,-1,-1
-1,-1,-1,-1,-1,-1
-1,-1,-1,-1,-1,-1
-1,-1,-1,-1,-1,-1
-1,-1,-1,-1,-1,-1
-1,-1,-1,-1,-1,-1
-1,-1,-1,-1,-1,-1
-1,-1,-1,-1,-1,-1
-1,-1,-1,-1,-1,-1
-1,-1,-1,-1,-1,-1
-1,-1,-1,-1,-1,-1
-1,-1,-1,-1,-1,-1
-1,-1,-1,-1,-1,-1
-1,-1,-1,-1,-1,-1
-1,-1,-1,-1,-1,-1
-1,-1,-1,-1,-1,-1
-1,-1,-1,-1,-1,-1
-1,-1,-1,-1,-1,-1
-1,-1,-1,-1,-1,-1
-1,-1,-1,-1,-1,-1
-1,-1,-1,-1,-1,-1
-1,-1,-1,-1,-1,-1
-1,-1,-1,-1,-1,-1
-1,-1,-1,-1,-1,-1
-1,-1,-1,-1,-1,-1
-1,-1,-1,-1,-1,-1
-1,-1,-1,-1,-1,-1
-1,-1,-1,-1,-1,-1
-1,-1,-1,-1,-1,-1
-1,-1,-1,-1,-1,-1
-1,-1,-1,-1,-1,-1
-1,-1,-1,-1,-1,-1
-1,-1,-1,-1,-1,-1
-1,-1,-1,-1,-1,-1
-1,-1,-1,-1,-1,-1
-1,-1,-1,-1,-1,-1
-1,-1,-1,-1,-1,-1
-1,-1,-1,-1,-1,-1
-1,-1,-1,-1,-1,-1
-1,-1,-1,-1,-1,-1
-1,-1,-1,-1,-1,-1
-1,-1,-1,-1,-1,-1
-1,-1,-1,-1,-1,-1
-1,-1,-1,-1,-1,-1
-1,-1,-1,-1,-1,-1
-1,-1,-1,-1,-1,-1
-1,-1,-1,-1,-1,-1
-1,-1,-1,-1,-1,-1
-1,-1,-1,-1,-1,-1
-1,-1,-1,-1,-1,-1
-1,-1,-1,-1,-1,-1
-1,-1,-1,-1,-1,-1
-1,-1,-1,-1,-1,-1
-1,-1,-1,-1,-1,-1
-1,-1,-1,-1,-1,-1
-1,-1,-1,-1,-1,-1
-1,-1,-1,-1,-1,-1
-1,-1,-1,-1,-1,-1
-1,-1,-1,-1,-1,-1
-1,-1,-1,-1,-1,-1
-1,-1,-1,-1,-1,-1
-1,-1,-1,-1,-1,-1
-1,-1,-1,-1,-1,-1
-1,-1,-1,-1,-1,-1
-1,-1,-1,-1,-1,-1
-1,-1,-1,-1,-1,-1
-1,-1,-1,-1,-1,-1
-1,-1,-1,-1,-1,-1
-1,-1,-1,-1,-1,-1
-1,-1,-1,-1,-1,-1
-1,-1,-1,-1,-1,-1
-1,-1,-1,-1,-1,-1
-1,-1,-1,-1,-1,-1
-1,-1,-1,-1,-1,-1
-1,-1,-1,-1,-1,-1
-1,-1,-1,-1,-1,-1
-1,-1,-1,-1,-1,-1
-1,-1,-1,-1,-1,-1
-1,-1,-1,-1,-1,-1
-1,-1,-1,-1,-1,-1
-1,-1,-1,-1,-1,-1
-1,-1,-1,-1,-1,-1
-1,-1,-1,-1,-1,-1
-1,-1,-1,-1,-1,-1
-1,-1,-1,-1,-1,-1
-1,-1,-1,-1,-1,-1
-1,-1,-1,-1,-1,-1
-1,-1,-1,-1,-1,-1
-1,-1,-1,-1,-1,-1
-1,-1,-1,-1,-1,-1
-1,-1,-1,-1,-1,-1
-1,-1,-1,-1,-1,-1
-1,-1,-1,-1,-1,-1
-1,-1,-1,-1,-1,-1
-1,-1,-1,-1,-1,-1
-1,-1,-1,-1,-1,-1
-1,-1,-1,-1,-1,-1
-1,-1,-1,-1,-1,-1
-1,-1,-1,-1,-1,-1
-1,-1,-1,-1,-1,-1
-1,-1,-1,-1,-1,-1
-1,-1,-1,-1,-1,-1
-1,-1,-1,-1,-1,-1
-1,-1,-1,-1,-1,-1
-1,-1,-1,-1,-1,-1
-1,-1,-1,-1,-1,-1
-1,-1,-1,-1,-1,-1
-1,-1,-1,-1,-1,-1
-1,-1,-1,-1,-1,-1
-1,-1,-1,-1,-1,-1
-1,-1,-1,-1,-1,-1
-1,-1,-1,-1,-1,-1
-1,-1,-1,-1,-1,-1
-1,-1,-1,-1,-1,-1
-1,-1,-1,-1,-1,-1
-1,-1,-1,-1,-1,-1
-1,-1,-1,-1,-1,-1
-1,-1,-1,-1,-1,-1
-1,-1,-1,-1,-1,-1
-1,-1,-1,-1,-1,-1
-1,-1,-1,-1,-1,-1
-1,-1,-1,-1,-1,-1
-1,-1,-1,-1,-1,-1
-1,-1,-1,-1,-1,-1
-1,-1,-1,-1,-1,-1
-1,-1,-1,-1,-1,-1
-1,-1,-1,-1,-1,-1
-1,-1,-1,-1,-1,-1
-1,-1,-1,-1,-1,-1
-1,-1,-1,-1,-1,-1
-1,-1,-1,-1,-1,-1
-1,-1,-1,-1,-1,-1
-1,-1,-1,-1,-1,-1
-1,-1,-1,-1,-1,-1
-1,-1,-1,-1,-1,-1
-1,-1,-1,-1,-1,-1
-1,-1,-1,-1,-1,-1
-1,-1,-1,-1,-1,-1
-1,-1,-1,-1,-1,-1
-1,-1,-1,-1,-1,-1
-1,-1,-1,-1,-1,-1
-1,-1,-1,-1,-1,-1
-1,-1,-1,-1,-1,-1
-1,-1,-1,-1,-1,-1
-1,-1,-1,-1,-1,-1
-1,-1,-1,-1,-1,-1
-1,-1,-1,-1,-1,-1
-1,-1,-1,-1,-1,-1
-1,-1,-1,-1,-1,-1
-1,-1,-1,-1,-1,-1
-1,-1,-1,-1,-1,-1
-1,-1,-1,-1,-1,-1
-1,-1,-1,-1,-1,-1
-1,-1,-1,-1,-1,-1
-1,-1,-1,-1,-1,-1
-1,-1,-1,-1,-1,-1
-1,-1,-1,-1,-1,-1
-1,-1,-1,-1,-1,-1
-1,-1,-1,-1,-1,-1
-1,-1,-1,-1,-1,-1
-1,-1,-1,-1,-1,-1
-1,-1,-1,-1,-1,-1
-1,-1,-1,-1,-1,-1
-1,-1,-1,-1,-1,-1
-1,-1,-1,-1,-1,-1
-1,-1,-1,-1,-1,-1
-1,-1,-1,-1,-1,-1
-1,-1,-1,-1,-1,-1
-1,-1,-1,-1,-1,-1
-1,-1,-1,-1,-1,-1
-1,-1,-1,-1,-1,-1
-1,-1,-1,-1,-1,-1
-1,-1,-1,-1,-1,-1
-1,-1,-1,-1,-1,-1
-1,-1,-1,-1,-1,-1
-1,-1,-1,-1,-1,-1
-1,-1,-1,-1,-1,-1
-1,-1,-1,-1,-1,-1
-1,-1,-1,-1,-1,-1
-1,-1,-1,-1,-1,-1
-1,-1,-1,-1,-1,-1
-1,-1,-1,-1,-1,-1
-1,-1,-1,-1,-1,-1
-1,-1,-1,-1,-1,-1
-1,-1,-1,-1,-1,-1
-1,-1,-1,-1,-1,-1
-1,-1,-1,-1,-1,-1
-1,-1,-1,-1,-1,-1
-1,-1,-1,-1,-1,-1
-1,-1,-1,-1,-1,-1
-1,-1,-1,-1,-1,-1
-1,-1,-1,-1,-1,-1
-1,-1,-1,-1,-1,-1
-1,-1,-1,-1,-1,-1
-1,-1,-1,-1,-1,-1
-1,-1,-1,-1,-1,-1
-1,-1,-1,-1,-1,-1
-1,-1,-1,-1,-1,-1
-1,-1,-1,-1,-1,-1
-1,-1,-1,-1,-1,-1
-1,-1,-1,-1,-1,-1
-1,-1,-1,-1,-1,-1
-1,-1,-1,-1,-1,-1
-1,-1,-1,-1,-1,-1
-1,-1,-1,-1,-1,-1
-1,-1,-1,-1,-1,-1
-1,-1,-1,-1,-1,-1
-1,-1,-1,-1,-1,-1
-1,-1,-1,-1,-1,-1
-1,-1,-1,-1,-1,-1
-1,-1,-1,-1,-1,-1
-1,-1,-1,-1,-1,-1
-1,-1,-1,-1,-1,-1
-1,-1,-1,-1,-1,-1
-1,-1,-1,-1,-1,-1
-1,-1,-1,-1,-1,-1
-1,-1,-1,-1,-1,-1
-1,-1,-1,-1,-1,-1
-1,-1,-1,-1,-1,-1
-1,-1,-1,-1,-1,-1
-1,-1,-1,-1,-1,-1
-1,-1,-1,-1,-1,-1
-1,-1,-1,-1,-1,-1
-1,-1,-1,-1,-1,-1
-1,-1,-1,-1,-1,-1
-1,-1,-1,-1,-1,-1
-1,-1,-1,-1,-1,-1
-1,-1,-1,-1,-1,-1
-1,-1,-1,-1,-1,-1
-1,-1,-1,-1,-1,-1
-1,-1,-1,-1,-1,-1
-1,-1,-1,-1,-1,-1
-1,-1,-1,-1,-1,-1
-1,-1,-1,-1,-1,-1
-1,-1,-1,-1,-1,-1
-1,-1,-1,-1,-1,-1
-1,-1,-1,-1,-1,-1
-1,-1,-1,-1,-1,-1
-1,-1,-1,-1,-1,-1
-1,-1,-1,-1,-1,-1
-1,-1,-1,-1,-1,-1
-1,-1,-1,-1,-1,-1
-1,-1,-1,-1,-1,-1
-1,-1,-1,-1,-1,-1
-1,-1,-1,-1,-1,-1
-1,-1,-1,-1,-1,-1
-1,-1,-1,-1,-1,-1
-1,-1,-1,-1,-1,-1
-1,-1,-1,-1,-1,-1
-1,-1,-1,-1,-1,-1
-1,-1,-1,-1,-1,-1
-1,-1,-1,-1,-1,-1
-1,-1,-1,-1,-1,-1
-1,-1,-1,-1,-1,-1
-1,-1,-1,-1,-1,-1
-1,-1,-1,-1,-1,-1
-1,-1,-1,-1,-1,-1
-1,-1,-1,-1,-1,-1
-1,-1,-1,-1,-1,-1
-1,-1,-1,-1,-1,-1
-1,-1,-1,-1,-1,-1
-1,-1,-1,-1,-1,-1
-1,-1,-1,-1,-1,-1
-1,-1,-1,-1,-1,-1
-1,-1,-1,-1,-1,-1
-1,-1,-1,-1,-1,-1
-1,-1,-1,-1,-1,-1
-1,-1,-1,-1,-1,-1
-1,-1,-1,-1,-1,-1
-1,-1,-1,-1,-1,-1
-1,-1,-1,-1,-1,-1
-1,-1,-1,-1,-1,-1
-1,-1,-1,-1,-1,-1
-1,-1,-1,-1,-1,-1
-1,-1,-1,-1,-1,-1
-1,-1,-1,-1,-1,-1
-1,-1,-1,-1,-1,-1
-1,-1,-1,-1,-1,-1
-1,-1,-1,-1,-1,-1
-1,-1,-1,-1,-1,-1
-1,-1,-1,-1,-1,-1
-1,-1,-1,-1,-1,-1
-1,-1,-1,-1,-1,-1
-1,-1,-1,-1,-1,-1
-1,-1,-1,-1,-1,-1
-1,-1,-1,-1,-1,-1
-1,-1,-1,-1,-1,-1
-1,-1,-1,-1,-1,-1
-1,-1,-1,-1,-1,-1
-1,-1,-1,-1,-1,-1
-1,-1,-1,-1,-1,-1
-1,-1,-1,-1,-1,-1
-1,-1,-1,-1,-1,-1
-1,-1,-1,-1,-1,-1
-1,-1,-1,-1,-1,-1
-1,-1,-1,-1,-1,-1
-1,-1,-1,-1,-1,-1
-1,-1,-1,-1,-1,-1
-1,-1,-1,-1,-1,-1
-1,-1,-1,-1,-1,-1
-1,-1,-1,-1,-1,-1
-1,-1,-1,-1,-1,-1
-1,-1,-1,-1,-1,-1
-1,-1,-1,-1,-1,-1
-1,-1,-1,-1,-1,-1
-1,-1,-1,-1,-1,-1
-1,-1,-1,-1,-1,-1
-1,-1,-1,-1,-1,-1
-1,-1,-1,-1,-1,-1
-1,-1,-1,-1,-1,-1
-1,-1,-1,-1,-1,-1
-1,-1,-1,-1,-1,-1
-1,-1,-1,-1,-1,-1
-1,-1,-1,-1,-1,-1
-1,-1,-1,-1,-1,-1
-1,-1,-1,-1,-1,-1
-1,-1,-1,-1,-1,-1
-1,-1,-1,-1,-1,-1
-1,-1,-1,-1,-1,-1
-1,-1,-1,-1,-1,-1
-1,-1,-1,-1,-1,-1
-1,-1,-1,-1,-1,-1
-1,-1,-1,-1,-1,-1
-1,-1,-1,-1,-1,-1
-1,-1,-1,-1,-1,-1
-1,-1,-1,-1,-1,-1
0,0,0,0,0,0
-1,-1,-1,-1,-1,-1
-1,-1,-1,-1,-1,-1
-1,-1,-1,-1,-1,-1
-1,-1,-1,0,0,0
0,0,0,0,0,0
-1,-1,-1,-1,-1,-1
-1,-1,-1,-1,-1,-1
-1,-1,-1,-1,-1,-1
-1,-1,-1,-1,-1,-1
-1,-1,-1,-1,-1,-1
-1,-1,-1,-1,-1,-1
-1,-1,-1,-1,-1,-1
-1,-1,-1,-1,-1,-1
-1,-1,-1,-1,-1,-1
-1,-1,-1,0,0,0
0,0,0,0,0,0
-1,-1,-1,-1,-1,-1
-1,-1,-1,-1,-1,-1
-1,-1,-1,-1,-1,-1
0,0,0,0,0,0
0,0,0,0,0,0
0,0,0,0,0,0
0,0,0,0,0,0
-1,-1,-1,-1,-1,-1
-1,-1,-1,-1,-1,-1
-1,-1,-1,-1,-1,-1
-1,-1,-1,-1,-1,-1
-1,-1,-1,-1,-1,-1
-1,-1,-1,-1,-1,-1
-1,-1,-1,-1,-1,-1
-1,-1,-1,-1,-1,-1
-1,-1,-1,-1,-1,-1
-1,-1,-1,-1,-1,-1
-1,-1,-1,-1,-1,-1
-1,-1,-1,-1,-1,-1
0,0,0,0,0,0
0,0,0,0,0,0
0,0,0,0,0,0
0,0,0,0,0,0
0,0,0,0,0,0
-1,-1,-1,-1,-1,-1
0,0,0,0,0,0
0,0,0,0,0,0
0,0,0,0,0,0
-1,-1,-1,-1,-1,-1
-1,-1,-1,-1,-1,-1
-1,-1,-1,-1,-1,-1
-1,-1,-1,-1,-1,-1
0,0,0,0,0,0
0,0,0,0,0,0
0,0,0,0,0,0
0,0,0,-1,-1,-1
-1,-1,-1,-1,-1,-1
-1,-1,-1,-1,-1,-1
-1,-1,-1,-1,-1,-1
-1,-1,-1,-1,-1,-1
-1,-1,-1,-1,-1,-1
-1,-1,-1,-1,-1,-1
-1,-1,-1,-1,-1,-1
0,0,0,0,0,0
0,0,0,0,0,0
-1,-1,-1,0,0,0
0,0,0,0,0,0
0,0,0,0,0,0
-1,-1,-1,-1,-1,-1
-1,-1,-1,0,0,0
0,0,0,0,0,0
0,0,0,0,0,0
0,0,0,0,0,0
0,0,0,0,0,0
0,0,0,0,0,0
0,0,0,0,0,0
0,0,0,0,0,0
0,0,0,0,0,0
0,0,0,0,0,0
0,0,0,0,0,0
-1,-1,-1,-1,-1,-1
-1,-1,-1,-1,-1,-1
-1,-1,-1,-1,-1,-1
-1,-1,-1,-1,-1,-1
-1,-1,-1,-1,-1,-1
-1,-1,-1,-1,-1,-1
-1,-1,-1,-1,-1,-1
-1,-1,-1,-1,-1,-1
-1,-1,-1,-1,-1,-1
-1,-1,-1,-1,-1,-1
-1,-1,-1,-1,-1,-1
-1,-1,-1,-1,-1,-1
-1,-1,-1,-1,-1,-1
-1,-1,-1,-1,-1,-1
-1,-1,-1,-1,-1,-1
-1,-1,-1,-1,-1,-1
-1,-1,-1,-1,-1,-1
-1,-1,-1,-1,-1,-1
-1,-1,-1,-1,-1,-1
-1,-1,-1,-1,-1,-1
-1,-1,-1,0,0,0
0,0,0,0,0,0
0,0,0,0,0,0
0,0,0,0,0,0
0,0,0,0,0,0
0,0,0,0,0,0
0,0,0,0,0,0
0,0,0,0,0,0
0,0,0,0,0,0
0,0,0,0,0,0
0,0,0,0,0,0
0,0,0,0,0,0
0,0,0,0,0,0
0,0,0,0,0,0
0,0,0,0,0,0
0,0,0,0,0,0
0,0,0,0,0,0
0,0,0,0,0,0
0,0,0,0,0,0
0,0,0,0,0,0
0,0,0,0,0,0
-1,-1,-1,-1,-1,-1
-1,-1,-1,-1,-1,-1
-1,-1,-1,-1,-1,-1
-1,-1,-1,-1,-1,-1
-1,-1,-1,-1,-1,-1
-1,-1,-1,0,0,0
0,0,0,0,0,0
0,0,0,0,0,0
0,0,0,0,0,0
0,0,0,0,0,0
0,0,0,0,0,0
0,0,0,0,0,0
0,0,0,0,0,0
0,0,0,0,0,0
0,0,0,0,0,0
-1,-1,-1,-1,-1,-1
-1,-1,-1,-1,-1,-1
-1,-1,-1,-1,-1,-1
-1,-1,-1,-1,-1,-1
-1,-1,-1,-1,-1,-1
-1,-1,-1,-1,-1,-1
-1,-1,-1,-1,-1,-1
-1,-1,-1,0,0,0
0,0,0,0,0,0
0,0,0,0,0,0
0,0,0,0,0,0
0,0,0,0,0,0
0,0,0,0,0,0
-1,-1,-1,-1,-1,-1
-1,-1,-1,-1,-1,-1
-1,-1,-1,0,0,0
0,0,0,0,0,0
0,0,0,0,0,0
0,0,0,0,0,0
0,0,0,0,0,0
0,0,0,0,0,0
0,0,0,0,0,0
0,0,0,0,0,0
-1,-1,-1,-1,-1,-1
-1,-1,-1,0,0,0
0,0,0,0,0,0
0,0,0,0,0,0
0,0,0,0,0,0
0,0,0,0,0,0
0,0,0,0,0,0
0,0,0,0,0,0
0,0,0,0,0,0
0,0,0,0,0,0
0,0,0,0,0,0
0,0,0,0,0,0
0,0,0,0,0,0
0,0,0,0,0,0
0,0,0,0,0,0
0,0,0,0,0,0
-1,-1,-1,-1,-1,-1
-1,-1,-1,-1,-1,-1
-1,-1,-1,-1,-1,-1
-1,-1,-1,-1,-1,-1
-1,-1,-1,-1,-1,-1
-1,-1,-1,-1,-1,-1
-1,-1,-1,-1,-1,-1
-1,-1,-1,-1,-1,-1
-1,-1,-1,-1,-1,-1
-1,-1,-1,-1,-1,-1
-1,-1,-1,-1,-1,-1
-1,-1,-1,-1,-1,-1
-1,-1,-1,-1,-1,-1
-1,-1,-1,-1,-1,-1
-1,-1,-1,-1,-1,-1
-1,-1,-1,-1,-1,-1
-1,-1,-1,-1,-1,-1
-1,-1,-1,-1,-1,-1
-1,-1,-1,0,0,0
0,0,0,0,0,0
0,0,0,0,0,0
0,0,0,0,0,0
0,0,0,0,0,0
0,0,0,0,0,0
0,0,0,0,0,0
-1,-1,-1,-1,-1,-1
-1,-1,-1,0,0,0
-1,-1,-1,-1,-1,-1
-1,-1,-1,-1,-1,-1
-1,-1,-1,-1,-1,-1
-1,-1,-1,-1,-1,-1
-1,-1,-1,-1,-1,-1
-1,-1,-1,-1,-1,-1
-1,-1,-1,0,0,0
0,0,0,0,0,0
0,0,0,0,0,0
0,0,0,0,0,0
0,0,0,0,0,0
0,0,0,0,0,0
0,0,0,0,0,0
0,0,0,0,0,0
0,0,0,0,0,0
-1,-1,-1,-1,-1,-1
-1,-1,-1,-1,-1,-1
-1,-1,-1,-1,-1,-1
0,0,0,0,0,0
-1,-1,-1,-1,-1,-1
-1,-1,-1,-1,-1,-1
-1,-1,-1,-1,-1,-1
-1,-1,-1,-1,-1,-1
0,0,0,0,0,0
0,0,0,0,0,0
-1,-1,-1,-1,-1,-1
-1,-1,-1,-1,-1,-1
-1,-1,-1,-1,-1,-1
-1,-1,-1,-1,-1,-1
-1,-1,-1,-1,-1,-1
-1,-1,-1,-1,-1,-1
-1,-1,-1,-1,-1,-1
-1,-1,-1,-1,-1,-1
-1,-1,-1,-1,-1,-1
-1,-1,-1,-1,-1,-1
-1,-1,-1,-1,-1,-1
-1,-1,-1,-1,-1,-1
-1,-1,-1,-1,-1,-1
-1,-1,-1,-1,-1,-1
-1,-1,-1,-1,-1,-1
-1,-1,-1,-1,-1,-1
-1,-1,-1,-1,-1,-1
-1,-1,-1,-1,-1,-1
-1,-1,-1,-1,-1,-1
-1,-1,-1,-1,-1,-1
-1,-1,-1,-1,-1,-1
-1,-1,-1,-1,-1,-1
-1,-1,-1,-1,-1,-1
-1,-1,-1,-1,-1,-1
-1,-1,-1,-1,-1,-1
-1,-1,-1,-1,-1,-1
-1,-1,-1,-1,-1,-1
-1,-1,-1,-1,-1,-1
-1,-1,-1,-1,-1,-1
-1,-1,-1,-1,-1,-1
-1,-1,-1,-1,-1,-1
-1,-1,-1,-1,-1,-1
-1,-1,-1,-1,-1,-1
-1,-1,-1,-1,-1,-1
-1,-1,-1,-1,-1,-1
-1,-1,-1,-1,-1,-1
-1,-1,-1,-1,-1,-1
-1,-1,-1,-1,-1,-1
-1,-1,-1,-1,-1,-1
-1,-1,-1,-1,-1,-1
-1,-1,-1,-1,-1,-1
-1,-1,-1,-1,-1,-1
-1,-1,-1,-1,-1,-1
-1,-1,-1,-1,-1,-1
-1,-1,-1,-1,-1,-1
-1,-1,-1,-1,-1,-1
-1,-1,-1,-1,-1,-1
-1,-1,-1,-1,-1,-1
-1,-1,-1,-1,-1,-1
-1,-1,-1,-1,-1,-1
-1,-1,-1,-1,-1,-1
-1,-1,-1,-1,-1,-1
-1,-1,-1,-1,-1,-1
-1,-1,-1,-1,-1,-1
-1,-1,-1,-1,-1,-1
-1,-1,-1,-1,-1,-1
-1,-1,-1,-1,-1,-1
-1,-1,-1,-1,-1,-1
-1,-1,-1,-1,-1,-1
-1,-1,-1,-1,-1,-1
-1,-1,-1,-1,-1,-1
-1,-1,-1,-1,-1,-1
-1,-1,-1,-1,-1,-1
-1,-1,-1,-1,-1,-1
-1,-1,-1,-1,-1,-1
-1,-1,-1,-1,-1,-1
-1,-1,-1,-1,-1,-1
-1,-1,-1,-1,-1,-1
-1,-1,-1,-1,-1,-1
-1,-1,-1,-1,-1,-1
-1,-1,-1,-1,-1,-1
-1,-1,-1,-1,-1,-1
-1,-1,-1,-1,-1,-1
-1,-1,-1,-1,-1,-1
-1,-1,-1,-1,-1,-1
-1,-1,-1,-1,-1,-1
-1,-1,-1,-1,-1,-1
-1,-1,-1,-1,-1,-1
-1,-1,-1,-1,-1,-1
-1,-1,-1,-1,-1,-1
-1,-1,-1,-1,-1,-1
-1,-1,-1,-1,-1,-1
-1,-1,-1,-1,-1,-1
-1,-1,-1,-1,-1,-1
-1,-1,-1,-1,-1,-1
-1,-1,-1,-1,-1,-1
-1,-1,-1,-1,-1,-1
-1,-1,-1,-1,-1,-1
-1,-1,-1,-1,-1,-1
-1,-1,-1,-1,-1,-1
-1,-1,-1,-1,-1,-1
-1,-1,-1,-1,-1,-1
-1,-1,-1,-1,-1,-1
-1,-1,-1,-1,-1,-1
-1,-1,-1,-1,-1,-1
-1,-1,-1,-1,-1,-1
-1,-1,-1,-1,-1,-1
-1,-1,-1,-1,-1,-1
-1,-1,-1,-1,-1,-1
-1,-1,-1,-1,-1,-1
-1,-1,-1,-1,-1,-1
-1,-1,-1,-1,-1,-1
-1,-1,-1,-1,-1,-1
-1,-1,-1,-1,-1,-1
-1,-1,-1,-1,-1,-1
-1,-1,-1,-1,-1,-1
-1,-1,-1,-1,-1,-1
-1,-1,-1,-1,-1,-1
-1,-1,-1,-1,-1,-1
-1,-1,-1,-1,-1,-1
-1,-1,-1,-1,-1,-1
-1,-1,-1,-1,-1,-1
-1,-1,-1,-1,-1,-1
-1,-1,-1,-1,-1,-1
-1,-1,-1,-1,-1,-1
-1,-1,-1,-1,-1,-1
-1,-1,-1,-1,-1,-1
-1,-1,-1,-1,-1,-1
-1,-1,-1,-1,-1,-1
-1,-1,-1,-1,-1,-1
-1,-1,-1,-1,-1,-1
-1,-1,-1,-1,-1,-1
-1,-1,-1,-1,-1,-1
-1,-1,-1,-1,-1,-1
-1,-1,-1,-1,-1,-1
-1,-1,-1,-1,-1,-1
-1,-1,-1,-1,-1,-1
-1,-1,-1,-1,-1,-1
-1,-1,-1,-1,-1,-1
-1,-1,-1,-1,-1,-1
-1,-1,-1,-1,-1,-1
-1,-1,-1,-1,-1,-1
-1,-1,-1,-1,-1,-1
-1,-1,-1,-1,-1,-1
-1,-1,-1,-1,-1,-1
-1,-1,-1,-1,-1,-1
-1,-1,-1,-1,-1,-1
-1,-1,-1,-1,-1,-1
-1,-1,-1,-1,-1,-1
-1,-1,-1,-1,-1,-1
-1,-1,-1,-1,-1,-1
-1,-1,-1,-1,-1,-1
-1,-1,-1,-1,-1,-1
-1,-1,-1,-1,-1,-1
-1,-1,-1,-1,-1,-1
-1,-1,-1,-1,-1,-1
-1,-1,-1,-1,-1,-1
-1,-1,-1,-1,-1,-1
-1,-1,-1,-1,-1,-1
-1,-1,-1,-1,-1,-1
-1,-1,-1,-1,-1,-1
-1,-1,-1,-1,-1,-1
-1,-1,-1,-1,-1,-1
-1,-1,-1,-1,-1,-1
-1,-1,-1,-1,-1,-1
-1,-1,-1,-1,-1,-1
-1,-1,-1,-1,-1,-1
-1,-1,-1,-1,-1,-1
-1,-1,-1,-1,-1,-1
-1,-1,-1,-1,-1,-1
-1,-1,-1,-1,-1,-1
-1,-1,-1,-1,-1,-1
-1,-1,-1,-1,-1,-1
-1,-1,-1,-1,-1,-1
-1,-1,-1,-1,-1,-1
-1,-1,-1,-1,-1,-1
-1,-1,-1,-1,-1,-1
-1,-1,-1,-1,-1,-1
-1,-1,-1,-1,-1,-1
-1,-1,-1,-1,-1,-1
-1,-1,-1,-1,-1,-1
-1,-1,-1,-1,-1,-1
-1,-1,-1,-1,-1,-1
-1,-1,-1,-1,-1,-1
-1,-1,-1,-1,-1,-1
-1,-1,-1,-1,-1,-1
-1,-1,-1,-1,-1,-1
-1,-1,-1,-1,-1,-1
0,0,0,0,0,0
0,0,0,0,0,0
-1,-1,-1,-1,-1,-1
-1,-1,-1,-1,-1,-1
-1,-1,-1,-1,-1,-1
-1,-1,-1,-1,-1,-1
0,0,0,0,0,0
0,0,0,0,0,0
0,0,0,0,0,0
0,0,0,0,0,0
-1,-1,-1,-1,-1,-1
-1,-1,-1,-1,-1,-1
-1,-1,-1,-1,-1,-1
-1,-1,-1,-1,-1,-1
-1,-1,-1,-1,-1,-1
-1,-1,-1,-1,-1,-1
-1,-1,-1,-1,-1,-1
-1,-1,-1,-1,-1,-1
-1,-1,-1,-1,-1,-1
-1,-1,-1,-1,-1,-1
-1,-1,-1,-1,-1,-1
-1,-1,-1,-1,-1,-1
0,0,0,0,0,0
0,0,0,0,0,0
0,0,0,0,0,0
0,0,0,0,0,0
0,0,0,0,0,0
0,0,0,0,0,0
0,0,0,0,0,0
0,0,0,0,0,0
0,0,0,0,0,0
0,0,0,0,0,0
0,0,0,0,0,0
0,0,0,0,0,0
0,0,0,0,0,0
0,0,0,0,0,0
0,0,0,0,0,0
0,0,0,0,0,0
0,0,0,0,0,0
0,0,0,0,0,0
0,0,0,0,0,0
0,0,0,0,0,0
0,0,0,0,0,0
0,0,0,0,0,0
0,0,0,0,0,0
0,0,0,0,0,0
0,0,0,0,0,0
0,0,0,0,0,0
0,0,0,0,0,0
0,0,0,0,0,0
0,0,0,0,0,0
0,0,0,0,0,0
0,0,0,0,0,0
0,0,0,0,0,0
0,0,0,0,0,0
0,0,0,0,0,0
-1,-1,-1,-1,-1,-1
-1,-1,-1,-1,-1,-1
-1,-1,-1,-1,-1,-1
-1,-1,-1,-1,-1,-1
-1,-1,-1,-1,-1,-1
-1,-1,-1,-1,-1,-1
-1,-1,-1,-1,-1,-1
-1,-1,-1,-1,-1,-1
-1,-1,-1,-1,-1,-1
-1,-1,-1,-1,-1,-1
-1,-1,-1,-1,-1,-1
-1,-1,-1,-1,-1,-1
-1,-1,-1,-1,-1,-1
-1,-1,-1,-1,-1,-1
-1,-1,-1,-1,-1,-1
-1,-1,-1,-1,-1,-1
-1,-1,-1,-1,-1,-1
-1,-1,-1,-1,-1,-1
-1,-1,-1,-1,-1,-1
0,0,0,0,0,0
-1,-1,-1,-1,-1,-1
-1,-1,-1,-1,-1,-1
-1,-1,-1,-1,-1,-1
-1,-1,-1,-1,-1,-1
0,0,0,0,0,0
-1,-1,-1,-1,-1,-1
-1,-1,-1,-1,-1,-1
-1,-1,-1,-1,-1,-1
-1,-1,-1,-1,-1,-1
-1,-1,-1,-1,-1,-1
-1,-1,-1,-1,-1,-1
-1,-1,-1,-1,-1,-1
-1,-1,-1,-1,-1,-1
-1,-1,-1,-1,-1,-1
-1,-1,-1,-1,-1,-1
-1,-1,-1,-1,-1,-1
-1,-1,-1,-1,-1,-1
-1,-1,-1,-1,-1,-1
-1,-1,-1,-1,-1,-1
-1,-1,-1,-1,-1,-1
-1,-1,-1,-1,-1,-1
-1,-1,-1,-1,-1,-1
-1,-1,-1,-1,-1,-1
-1,-1,-1,-1,-1,-1
-1,-1,-1,-1,-1,-1
-1,-1,-1,-1,-1,-1
-1,-1,-1,-1,-1,-1
-1,-1,-1,-1,-1,-1
-1,-1,-1,-1,-1,-1
-1,-1,-1,-1,-1,-1
-1,-1,-1,-1,-1,-1
-1,-1,-1,-1,-1,-1
-1,-1,-1,-1,-1,-1
-1,-1,-1,-1,-1,-1
-1,-1,-1,-1,-1,-1
-1,-1,-1,-1,-1,-1
ets Jul 29 2019 12:21:46
rst:0x1 (POWERON_RESET),boot:0x13 (SPI_FAST_FLASH_BOOT)
configsip: 0, SPIWP:0xee
clk_drv:0x00,q_drv:0x00,d_drv:0x00,cs0_drv:0x00,hd_drv:0x00,wp_drv:0x00
mode:DIO, clock div:1
load:0x3fff0030,len:4876
ho 0 tail 12 room 4
load:0x40078000,len:16532
load:0x40080400,len:3500
entry 0x400805b4
Step 1: Serial started
Step 2: SPI.begin() done
Step 3: CS pin set up
Step 4: about to call BMI160.begin()...
